CountryName,CountryCode,Y1989,Y1990,Y1991,Y1992,Y1993,Y1994,Y1995,Y1996,Y1997,Y1998,Y1999,Y2000,Y2001,Y2002,Y2003,Y2004,Y2005,Y2006,Y2007,Y2008,Y2009,Y2010,Y2011,Y2012,Y2013,Y2014,Y2015,Y2016
Aruba,ABW,11392.45581,12307.31174,13496.00339,14046.504,14936.82704,16241.04632,16439.35636,16586.06844,17927.74964,19078.34319,19356.20339,20620.70063,20669.03197,20436.88713,20833.76161,22569.97499,23300.03956,24045.74942,25835.64314,27086.03985,24630.93927,23512.6026,24984.27945,24709.60226,25018.30895,25528.40378,25796.38025,25251.63968
Afghanistan,AFG,,,,,,,,,,,,,,184.4947121,195.7766303,216.7081289,247.66414,269.229693,366.2304432,370.382294,444.1844041,550.514974,599.2976298,648.5110696,647.9664605,625.3395388,590.0764738,549.5827599
Angola,AGO,862.5090577,922.55017,844.6911343,640.6222979,430.3815953,320.657792,388.1667663,512.6209659,506.8849522,419.6398453,385.7688535,555.2969419,526.168743,869.851485,978.5389339,1248.404906,1890.849727,2585.133522,3108.268643,4068.978456,3117.896944,3585.905553,4615.867475,5102.489969,5258.407376,5412.692348,4170.730358,3509.604211
Albania,ALB,697.9955966,617.2304355,336.5869945,200.8522198,367.2792251,586.4163396,750.6044492,1009.977275,717.3800477,813.7893966,1033.242532,1126.68334,1281.659826,1425.124219,1846.120121,2373.581292,2673.786584,2972.742924,3595.038057,4370.539925,4114.134899,4094.360204,4437.177794,4247.614342,4413.082887,4578.667934,3952.830781,4131.872341
Andorra,AND,15166.43785,18878.50597,19532.54015,20547.71179,16516.47103,16234.80901,18461.06486,19017.17459,18353.05972,18894.5215,19261.7105,21936.5301,22228.84649,24741.49357,32776.44227,38503.47961,41282.02012,43748.77216,48582.80846,47785.65909,43339.37987,39736.35406,41098.76694,38391.08087,40619.7113,42294.99473,36038.2676,37231.81567
Arab World,ARB,1487.739113,1988.567858,1908.979266,2006.795844,1977.461527,1970.860559,2054.384318,2217.417325,2301.16173,2173.421024,2317.038473,2590.222438,2495.939884,2463.398587,2722.378726,3119.164887,3747.312977,4338.385738,4939.53,6116.581229,5159.342763,5918.315891,6856.035033,7465.13523,7510.729986,7456.598173,6429.17084,6183.079222
United Arab Emirates,ARE,23612.7452,27256.29094,26168.26662,25993.55801,25199.34958,25467.19222,26847.08005,28615.58214,29199.52461,26663.3087,28260.00502,33071.26869,31061.52935,31311.35936,33230.52318,36161.17061,39439.80197,42372.22166,42672.61323,45758.90554,33072.57517,35037.89267,40434.36635,42086.68995,43315.14149,44443.06151,39122.04971,38517.80039
Argentina,ARG,2375.339103,4318.7747,5715.504397,6798.026763,6940.350358,7449.48039,7373.428246,7683.574065,8172.664323,8248.761989,7736.369623,7669.273916,7170.694674,2579.193168,3330.437006,4251.574348,5076.883829,5878.761027,7193.61764,8953.359275,8161.306966,10276.2605,12726.90836,12969.70712,12976.63642,12245.25645,13698.29344,12654.355
Armenia,ARM,,637.8557412,590.1222257,369.6333681,357.2043399,400.5160919,456.3758998,504.059514,523.2835691,609.1730254,597.4334817,622.7427477,694.4305119,783.2616099,930.1661567,1191.96192,1643.758543,2158.002909,3138.808703,4010.026997,2993.832531,3218.381655,3526.978143,3684.80481,3843.591213,3994.712355,3617.935746,3605.743117
American Samoa,ASM,,,,,,,,,,,,,,8751.766529,8914.525433,8639.308855,8508.406915,8456.947997,8980.536414,9871.997194,12058.26382,10352.82276,10375.99422,11660.32953,11589.853,11598.75174,11901.97526,11744.81555
Antigua and Barbuda,ATG,6585.840403,6889.004721,7156.853555,7296.551713,7652.102825,8218.597716,7841.463843,8379.576969,8755.156647,9115.234346,9363.186445,9932.029681,9414.160591,9443.063591,9801.966935,10419.31113,11452.73878,12812.76444,14350.91889,14797.36849,13082.28181,12174.6978,11931.204,12517.55794,12194.54959,12900.903,13602.42124,14506.60354
Australia,AUS,17801.26827,18214.83698,18824.2474,18569.76879,17633.38138,18045.43906,20319.63063,21861.32551,23468.59683,21318.96417,20521.77757,21669.41091,19482.5679,20074.22931,23437.31215,30401.55479,33961.6818,36019.20305,40905.47089,49535.25787,42709.8033,51936.88871,62411.78545,67891.58681,68042.53479,62403.09553,56644.03396,49937.73139
Austria,AUT,17468.94619,21680.98969,22410.91174,24880.16407,24081.52781,25646.70066,30325.84958,29809.07677,26705.4786,27361.87511,27174.29716,24564.45829,24537.51426,26401.74546,32222.89724,36821.52147,38403.13388,40635.28182,46855.77175,51708.76575,47963.1794,46858.04327,51374.95841,48567.69529,50716.70871,51717.49594,44176.67174,45103.32981
Azerbaijan,AZE,,1266.020967,1131.397355,673.331934,529.8136618,436.216869,397.1981161,409.2107552,505.5637747,561.9070354,573.8932966,655.0974326,703.6838434,763.080638,883.6439965,1045.009379,1578.40239,2473.081819,3851.437869,5574.603802,4950.294791,5842.805784,7189.691229,7496.294648,7875.756953,7891.313147,5500.310382,3880.738731
Burundi,BDI,210.9695203,209.0516152,210.6438772,191.310913,162.635225,157.5430015,167.7991717,143.8532933,159.1755281,144.4746122,128.6964397,135.9984455,133.7427689,122.4335893,112.8493703,127.4296648,150.4876135,165.9047485,170.8151515,196.2718079,209.8537621,231.7955369,247.2293791,250.3627366,255.372691,273.538285,304.3742207,281.1813376
Belgium,BEL,16613.51665,20710.64434,21154.29184,23497.72741,22403.21682,24338.1377,28565.91915,27701.90329,25027.74459,25541.67472,25444.13926,23207.40591,23121.60114,25052.33939,30743.90254,35589.68912,36967.25918,38852.37293,44403.7669,48424.5756,44880.57302,44380.17663,47743.78053,44826.43961,46680.38982,47355.31201,40431.95262,41454.52493
Benin,BEN,311.6783039,393.6862144,385.753616,317.9628553,411.9260305,279.6665043,367.387341,387.4329246,361.1002698,379.442354,403.6237038,374.1923942,378.736054,418.6985763,519.2922847,583.4093514,601.799977,625.830092,706.0535419,820.1513498,793.45243,757.6959074,825.9427854,837.9505001,915.3281554,943.686575,783.9630778,788.5324424
Burkina Faso,BFA,304.8534388,351.9793229,346.4106724,240.963481,244.1270735,193.0702363,235.8321973,249.3602944,229.4931177,255.7182334,265.3401156,226.4759814,235.4912324,260.7635413,332.3443051,371.3230865,406.9988071,420.5825233,475.1100122,569.7612784,552.7455521,575.4464527,666.8404101,673.8228182,699.781537,703.8216565,575.3144542,583.8308982
Bangladesh,BGD,277.8178391,297.5679945,284.7256059,285.0955051,291.7144894,290.6524529,319.6087004,382.9357636,389.5236314,395.2974607,397.3548219,405.6033071,402.5981152,400.6135745,432.7388972,460.7579167,484.1554071,494.0501466,541.0651484,615.7775411,681.1205368,757.6717572,835.7893401,856.342857,951.8894535,1084.56543,1210.158849,1358.779186
Bulgaria,BGR,2477.020818,2366.529821,1267.734375,1211.980878,1278.247173,1148.494399,1554.046931,1208.875103,1346.910553,1809.683845,1648.104859,1609.882452,1757.44378,2076.830682,2698.624248,3363.799644,3869.529455,4490.201777,5885.949252,7261.754492,6969.558557,6843.26695,7813.806692,7378.02473,7646.839866,7864.760672,6993.783483,7469.455638
Bahrain,BHR,8030.85458,8528.983334,9055.591114,9082.741169,9698.134804,10130.41307,10376.93489,10544.66713,10672.18394,10076.18778,10401.48045,13636.34668,12868.211,13102.33457,14221.99259,15846.47641,17959.17854,19307.99549,20977.11053,23067.56535,19356.67236,20722.10389,22512.1596,23649.36661,24737.17178,24983.37902,22688.87824,22628.95679
"Bahamas, The",BHS,12158.07885,12350.97684,11914.85776,11682.08496,11402.65152,11812.46489,12239.8715,12717.15001,22066.27871,23557.95353,26173.71548,27112.2562,27439.3587,28727.02219,28092.48573,28076.1551,29874.65414,30274.99032,31018.02949,30188.48444,28129.6075,27979.11493,27472.25617,28815.5274,28171.986,28671.34697,30483.8201,30260.30591
Bosnia and Herzegovina,BIH,,,,,,318.0200012,485.6172767,736.9753294,978.516728,1097.644555,1246.497114,1461.75052,1524.412022,1761.537647,2214.732246,2802.274917,2967.834056,3403.815297,4180.913532,5078.314577,4701.334426,4614.829041,5054.325344,4722.013403,5042.582213,5204.243718,4584.242548,4808.636043
Belarus,BLR,,2124.840514,1765.744556,1667.681777,1590.095882,1460.059076,1370.676559,1452.445488,1396.501786,1511.770053,1210.61172,1276.288034,1244.373185,1479.314583,1819.766059,2378.623286,3125.810535,3847.434124,4735.657608,6377.369732,5351.355382,6181.399916,6519.230195,6940.159254,7978.872615,8318.51269,5949.106307,5025.405064
Belize,BLZ,2011.968729,2197.185023,2326.845903,2666.977671,2833.061341,2880.211133,2996.382928,3001.665138,2952.602141,2991.924971,3065.492248,3364.423711,3419.275719,3556.561825,3679.909523,3831.538019,3933.262143,4187.290497,4324.773045,4470.220796,4253.246753,4342.963173,4515.892701,4644.559565,4673.245037,4813.718033,4905.536645,4923.358922
Bermuda,BMU,25517.92172,26841.51974,27700.30952,28669.68226,30900.69489,31476.06312,33989.72236,44826.78907,48478.88325,51371.74081,54245.45974,56284.16865,58883.95943,62583.1002,66111.72523,70359.31911,75882.03386,83912.6978,90849.58698,93605.74817,88463.31282,88207.32756,85973.15842,85458.45551,85748.06541,,,
Bolivia,BOL,701.4646141,709.9488612,764.1413321,791.3804293,788.3990281,806.2214519,887.4685243,958.4737662,1006.964739,1058.71875,1012.509773,1007.002869,958.2366524,913.5756423,917.3643105,978.3346485,1046.427384,1233.591869,1389.62935,1736.930084,1776.866476,1981.170116,2377.688771,2645.227753,2947.938526,3124.00031,3077.026199,3117.330459
Brazil,BRA,2901.285449,3093.037479,3966.795488,2591.797116,2786.171356,3494.640541,4740.119813,5156.809075,5271.412222,5075.631211,3469.502236,3739.116139,3146.948904,2819.64812,3059.586507,3623.049912,4770.183853,5860.145786,7313.557794,8787.610627,8553.381382,11224.15408,13167.47289,12291.46685,12216.90446,12026.61939,8750.222996,8650.376373
Barbados,BRB,6567.431164,7770.815258,7681.981933,7440.957495,7777.554485,8148.382411,8537.056187,9069.168909,9549.894079,10727.59584,11200.57763,11567.66612,11513.93686,11675.34754,12028.48034,12868.78733,14223.25544,15185.1192,16919.24679,17243.67966,16087.72938,16203.15557,16610.41835,16536.21464,16326.91348,16261.79932,16129.04928,15891.62655
Brunei Darussalam,BRN,11869.98727,13604.15683,13901.72173,15270.48612,14572.10853,14117.39214,15929.16376,16789.03717,16656.08988,12690.68932,14097.93159,18008.44826,16468.12886,16846.02198,18555.56649,21896.60527,26102.13345,30980.96692,32672.36717,37951.2806,27965.47504,35268.10117,47017.0273,47651.25909,44597.27968,41530.66898,30967.89051,26939.41802
Bhutan,BTN,520.4078194,557.9721483,465.3885839,471.8392542,449.688254,524.2981458,588.5939027,609.3430176,692.1262064,695.2902533,751.5757717,765.8632358,807.9387673,885.6382245,997.7417141,1097.457088,1247.061392,1335.456906,1741.142552,1795.181307,1770.234497,2178.921383,2458.045976,2422.008016,2350.882889,2522.794953,2616.010343,2782.367967
Botswana,BWA,2301.989726,2750.950026,2783.021503,2848.206987,2783.237931,2779.113832,3014.867858,3022.176753,3065.527268,2869.182503,3226.295674,3349.068823,3128.097793,3055.618382,4163.065906,4896.583835,5351.253732,5374.554867,5714.047936,5623.379566,5185.729845,6346.156204,7483.878689,6901.971971,7001.034418,7493.752924,6521.146128,6954.144126
Central African Republic,CAF,429.5415541,490.0745619,456.8977858,456.074154,401.9779716,260.4835711,332.6773772,293.3188854,266.6076447,268.9004231,271.8551165,243.5429317,243.1586486,253.7068343,286.2508019,313.210598,323.9805112,347.6071719,397.0171544,456.8618268,449.9612041,446.4436878,490.5103907,483.1860932,337.484979,377.1321263,348.3814271,382.0702811
Canada,CAN,20638.29005,21371.2911,21664.59864,20771.25035,20017.42985,19859.20398,20577.48939,21183.22008,21770.13408,20887.83947,22167.22585,24124.16917,23691.59472,24167.80431,28172.14883,31979.87195,36189.58838,40386.69948,44544.5268,46596.33599,40773.45436,47447.47602,52082.21076,52496.69487,52418.31506,50633.20882,43327.17364,42105.90006
Central Europe and the Baltics,CEB,,2315.187628,2198.299175,2361.877735,2491.709636,2826.867183,3517.831523,3767.104545,3739.447838,4100.998056,3981.21936,3945.043247,4350.495944,4931.030687,5953.592264,7173.983997,8357.273695,9476.539329,12012.63072,14567.13581,12273.55153,12566.58767,13871.63242,12997.92622,13709.66251,14151.43364,12461.01009,12774.25888
Switzerland,CHE,30401.89248,38428.3855,38399.21061,39534.542,38100.73673,41843.75688,48662.43977,46676.85094,40417.96228,41497.20261,40581.30705,37868.32306,38538.99005,41376.39399,48087.58314,53340.14766,54952.67372,57579.50195,63555.2375,72487.84593,69927.46877,74605.72102,88415.62806,83538.23008,85112.4644,86605.56338,82081.59712,80037.50304
Channel Islands,CHI,,,,,,,,,,40537.51169,42405.49714,43299.40114,41610.13058,44159.21077,48226.39668,55844.11669,57210.73229,62261.82801,73569.64496,,,,,,,,,
Chile,CHL,2294.345992,2500.646257,2811.481588,3362.169308,3551.030186,4045.621429,5137.375078,5382.846519,5781.103423,5479.498064,4986.007417,5101.368479,4595.666327,4463.545867,4787.699532,6210.828325,7615.30468,9484.681227,10526.87746,10781.36608,10243.32824,12860.17764,14705.69242,15431.90293,15941.39722,14794.31583,13736.63569,13960.89421
China,CHN,310.8819124,317.884673,333.1421454,366.4606923,377.3898395,473.4922787,609.6566792,709.4137551,781.7441643,828.5804793,873.2870617,959.3724836,1053.108243,1148.50829,1288.643252,1508.668098,1753.417829,2099.229435,2695.365917,3471.248054,3838.433972,4560.512586,5633.795717,6337.883323,7077.770765,7683.502613,8069.213024,8117.267465
Cote d'Ivoire,CIV,824.1583194,880.0184701,825.5407011,847.2958457,810.8329724,590.3001333,756.5011354,809.5387372,758.911908,793.9810785,759.2922029,642.254714,656.834565,710.9611683,865.789649,919.8068028,931.754287,951.9478956,1065.896375,1242.431044,1217.749206,1219.749096,1214.703946,1250.808924,1423.682282,1568.627628,1715.105518,1493.506061
Cameroon,CMR,979.5901011,951.8882236,1030.979969,918.3958707,1214.697379,808.5760946,716.4369269,761.151765,764.7846067,730.7326938,751.9782914,660.1926971,661.7774417,719.8896584,881.0102086,1027.823,1030.038193,1081.369831,1215.808213,1396.824988,1338.884377,1309.122208,1429.647553,1380.509848,1493.746567,1571.182535,1353.92449,1391.751883
"Congo, Dem. Rep.",COD,269.5874462,270.1105809,268.0073444,220.2996713,275.6958231,144.5206699,135.6734808,134.939947,138.964642,138.615476,102.6447985,405.4696531,153.6995733,175.1360715,173.9163518,194.1667863,218.5235092,255.5913138,286.5075372,327.7676543,298.8069562,334.2317025,387.3235796,424.8593185,458.2384062,487.0814869,497.6297557,471.6359456
"Congo, Rep.",COG,1006.141041,1146.812278,1086.563528,1138.216095,724.5478424,649.9053718,755.9168343,882.4250746,784.0481056,639.4985577,750.5265889,998.1968562,842.7090677,886.3616653,998.1013117,1289.337837,1637.064381,2012.11007,2111.209489,2881.594116,2255.333119,2737.34233,3196.647524,2952.052348,2964.572989,2910.520226,1712.121146,1762.809913
Colombia,COL,1175.93261,1396.028769,1408.365423,1642.889504,1835.792137,2218.78471,2470.683623,2553.549692,2759.952748,2509.139633,2164.432929,2472.197831,2395.856551,2355.725857,2246.257472,2740.249442,3354.021804,3677.134042,4635.692277,5383.132694,5119.191641,6230.738366,7207.028905,7904.495789,8065.960376,7974.406373,6085.209979,5813.694519
Comoros,COM,854.4780299,1043.800803,1000.558651,1047.979551,1008.029494,690.4717309,838.171684,810.5442344,726.0552078,718.1170893,723.1850928,645.8186908,680.3185414,744.4751724,935.611518,1059.176884,1068.600321,1113.957757,1238.461514,1387.594626,1339.337191,1315.214806,1446.068018,1403.434335,1504.931007,1511.826037,1271.057042,1287.406402
Cabo Verde,CPV,797.9155124,897.6495095,913.9639435,994.6280468,1328.993994,1072.330788,1251.902319,1258.80907,1201.956656,1250.615376,1389.719796,1239.377855,1268.884564,1373.515636,1768.921302,1976.458506,2048.13459,2304.289902,3112.285601,3638.905946,3444.5566,3312.825985,3670.429453,3408.482762,3557.870977,3532.993527,2996.362046,3082.157104
Costa Rica,CRI,1739.352116,1844.863376,2257.4912,2618.168055,2854.620265,3045.406714,3279.326533,3230.234183,3408.365134,3614.562534,3688.398293,3808.363666,3981.528073,4062.014999,4167.714089,4425.507463,4697.011138,5245.187373,6120.6234,6911.136152,6809.396224,8199.414621,9186.59639,9985.36959,10569.66631,10630.9979,11393.02842,11767.50425
Caribbean small states,CSS,2762.180134,2982.45805,2926.274394,2855.977422,3058.60482,3190.552742,3495.514667,3786.362421,4402.842918,4670.044085,4914.957751,5233.299902,5354.947955,5579.453177,5921.582506,6435.244241,7228.489203,8016.263621,8889.54406,10021.61236,8381.415142,9059.000053,9724.12451,9978.387147,10020.57332,10121.31048,9835.190116,9339.012783
Cuba,CUB,2576.974727,2706.975742,2280.335931,2057.682969,2072.167419,2621.824239,2790.178221,2282.395886,2303.064029,2326.112221,2553.06976,2741.110542,2832.188893,2994.339988,3192.669378,3390.716256,3779.05707,4669.060916,5184.494227,5376.447622,5484.7763,5676.141403,6075.924306,6425.941119,6760.15344,7050.493249,7602.278668,7961.84588
Curacao,CUW,,,,,,,,,,,,,,,,,,,,,,,,,,,,
Cayman Islands,CYM,,,,,,,,,,,,,,,,,47632.1961,64103.21481,,,,,,,,,,
Cyprus,CYP,8038.914242,9641.575273,9696.099593,11310.07192,10526.14177,11617.69278,15261.42646,15139.22803,14234.24948,15092.82959,15287.91756,14388.3467,14821.44552,16093.21868,20252.24214,23792.61793,24959.26591,26729.32675,31244.92801,35391.04006,32105.86748,30818.47993,32233.64339,28984.94455,27942.30127,27407.15286,23217.48415,24019.13787
Czech Republic,CZE,,3917.15984,2878.719283,3352.034161,3931.744463,4601.952312,5788.150737,6493.863346,5996.83381,6458.904501,6307.698004,6011.61522,6609.20553,8032.896612,9773.117503,11685.88724,13346.17639,15183.63605,18373.649,22698.85396,19741.59763,19808.07109,21717.45794,19729.87051,19916.01939,19744.55861,17715.61685,18463.38658
Germany,DEU,17697.16351,22219.57253,23269.3818,26333.53744,25488.51952,27087.55845,31729.69976,30564.24781,27045.71913,27340.67288,26795.99113,23718.7467,23687.31689,25205.16445,30359.95215,34165.93403,34696.62092,36447.87232,41814.8191,45699.19832,41732.70725,41785.55691,46810.32796,44065.24891,46530.91143,48142.8272,41394.65816,42443.46507
Djibouti,DJI,725.7425321,766.1409545,762.0113217,777.2623296,753.5201889,790.0322652,789.5517691,767.4669289,760.5314478,755.5962418,765.7204882,768.1760767,781.2322196,792.15412,819.974118,864.1847206,904.7297489,965.6693779,1047.586896,1214.077118,1253.657431,1325.990724,1430.986898,1536.150685,1477.363042,1595.146365,1761.610158,1872.234623
Dominica,DMA,2598.70923,2839.98435,3102.160049,3297.988717,3447.936983,3704.141155,3846.571967,4108.314007,4282.351069,4586.852352,4745.990873,4785.993583,4883.092781,4771.92921,4897.930844,5217.452807,5157.447918,5511.462824,5939.053585,6446.663832,6866.224899,6912.435714,6986.046687,6745.849758,6933.413648,7193.668111,7392.234584,7824.921777
Denmark,DNK,21901.05752,26891.44164,27011.38589,29569.65453,27597.97148,29995.56522,35351.38071,35650.72434,32835.92877,33368.15485,33440.80162,30743.55917,30751.64946,33228.69291,40458.77064,46511.60457,48799.82037,52026.99311,58487.04501,64322.06664,58163.29359,58041.41122,61753.66007,58507.50021,61191.19263,62548.98502,53254.85059,54467.10143
Dominican Republic,DOM,949.404071,984.6914172,1328.804824,1520.545463,1718.597195,1891.414848,2103.115771,2271.943595,2452.131744,2612.288688,2626.326473,2838.513335,2943.421936,3098.051705,2413.410133,2492.868226,3910.017774,4067.332917,4647.310359,5011.037937,4952.677503,5453.926861,5765.496453,5973.222937,6094.734904,6348.837769,6534.908555,6793.538125
Algeria,DZA,2202.55809,2394.42038,1721.578696,1766.054678,1797.523561,1499.971505,1444.908036,1596.029867,1612.009303,1588.481449,1581.004564,1757.017797,1732.857979,1774.033673,2094.335506,2598.908023,3100.122378,3464.610079,3935.183343,4905.254866,3868.83123,4463.394675,5432.41332,5565.134521,5471.123389,5466.425778,4162.852181,3943.49755
East Asia & Pacific (excluding high income),EAP,391.7738888,413.2063951,441.7038383,488.1041822,528.7904531,627.8774921,765.279428,868.3656163,888.8269296,805.4742879,876.7333737,955.5182521,1007.150827,1104.844766,1240.022189,1426.393255,1639.192548,1959.126448,2459.424294,3091.046068,3328.867944,4008.912012,4865.856302,5389.269721,5905.256026,6303.614988,6510.60489,6578.836592
Early-demographic dividend,EAR,795.8054662,895.3377088,928.2395556,997.3505751,1070.113164,1099.630167,1107.237408,1182.582026,1240.676022,1203.28835,1250.138781,1331.671638,1295.742769,1236.990688,1353.006846,1546.276914,1773.453248,2000.401555,2334.996335,2589.798573,2455.998935,2937.735341,3244.519683,3351.499042,3364.375413,3430.71477,3282.140904,3310.644469
East Asia & Pacific,EAS,2525.294147,2598.069612,2891.976794,3118.652956,3444.765534,3804.987394,4272.169147,4068.18891,3849.252617,3414.589089,3774.773653,4045.09906,3728.805539,3756.371283,4096.953397,4559.688111,4829.328338,5084.373659,5647.094642,6476.458281,6628.172041,7676.519264,8842.715957,9401.308252,9446.006094,9663.544276,9546.451968,9792.967022
Europe & Central Asia (excluding high income),ECA,2293.256507,2421.040706,2323.929716,2130.140735,2086.186657,1808.43846,1928.779282,1951.38861,2031.55797,1903.944649,1598.77015,1779.506495,1768.895002,2025.25115,2556.630779,3380.465791,4279.147091,5245.859257,6779.268759,8369.80083,6549.290543,7761.79172,9542.526499,10051.19234,10622.26736,9851.466165,7473.985718,7120.114864
Europe & Central Asia,ECS,8612.156407,10480.57002,10768.0681,11502.43487,10533.61261,10991.76219,12656.11649,12901.51231,12223.25951,12509.61567,12351.77463,11622.64466,11720.95641,12799.66218,15549.20303,18071.44307,19191.44365,20710.44215,24114.31802,26361.72474,23094.8748,23565.09331,26045.54192,25004.44598,26008.54232,26234.86696,22479.90501,22306.88812
Ecuador,ECU,1392.232518,1491.401682,1623.989246,1690.155141,1729.373393,2028.197734,2135.632812,2159.150814,2361.599124,2300.407884,1584.463443,1451.290776,1903.741571,2183.966796,2440.468905,2708.557892,3021.942547,3350.786541,3590.718086,4274.952065,4255.565701,4657.302361,5223.351763,5702.104313,6074.090829,6396.630483,6150.155955,6099.315303
"Egypt, Arab Rep.",EGY,709.8505929,748.6022672,636.3628184,697.1868548,760.1497283,830.4242696,944.2019116,1041.523448,1185.718121,1258.997552,1321.799713,1428.183004,1370.717438,1210.229249,1120.874928,1045.943208,1168.115231,1375.196316,1640.476068,2011.246154,2291.667062,2602.479549,2747.480327,3181.441708,3213.389158,3327.754247,3547.713012,3479.281246
Euro area,EMU,15031.69199,18829.02041,19502.77404,21416.10231,19533.58573,20572.18029,23683.63772,23911.1415,21809.67314,22363.99468,22206.5613,20170.31123,20423.97707,22114.17611,27138.01884,30957.98039,31965.46296,33782.09234,38700.38601,42220.04455,38480.92244,37635.92867,40639.34871,37635.47239,39143.05337,39884.91309,34410.4318,35162.33199
Eritrea,ERI,,,,152.9867265,150.9730942,172.3215472,187.0504479,222.5454459,217.1509292,231.2266102,208.6209747,208.1969487,215.1392103,201.7687981,232.7945459,287.4222243,276.7508096,297.8280588,317.3294336,326.0825642,430.7544499,482.1490904,582.7755302,,,,,
Spain,ESP,10652.95797,13767.38147,14771.6723,16068.42672,13303.67613,13378.84984,15429.93942,16069.20709,14696.21611,15340.33211,15678.21523,14676.70609,15323.6114,17019.53541,21495.70741,24918.64584,26510.71745,28482.60948,32709.40104,35579.30993,32334.00548,30736.62785,31835.2888,28563.85904,29211.77375,29623.16445,25817.38661,26622.29914
Estonia,EST,,,,,,,3044.383709,3352.733741,3619.945496,4052.292271,4119.347394,4070.032827,4498.957027,5308.347781,7174.237415,8850.465115,10338.31322,12595.41065,16586.4052,18094.54805,14726.31828,14638.60482,17454.84342,17421.89022,19072.23852,20247.1993,17412.44867,18228.05825
Ethiopia,ETH,247.0265475,253.1929484,270.2443935,203.1645022,164.9584363,124.9830454,133.7288539,144.5003524,140.8611257,124.5056232,119.1340818,123.8762057,120.1789279,111.3634356,118.8734466,135.7623858,161.6266248,193.7949056,243.3026822,325.3825543,379.7566385,341.3099092,354.8463544,468.5067249,502.1535887,571.1622759,645.4650067,712.87795
European Union,EUU,12819.42624,15843.02294,16402.67729,17821.18249,16197.58494,17157.27595,19862.22351,20271.35995,19103.73462,19724.99372,19657.81199,18241.86128,18412.26126,20023.07734,24284.43031,27929.68705,29100.04377,30929.99611,35602.24378,38145.5639,33987.96291,33729.04271,36457.21928,34284.37899,35635.81363,36736.24173,32263.28704,32367.33966
Fragile and conflict affected situations,FCS,,,,,,,,,,,,644.4164972,576.8028713,540.4324908,598.2208071,676.819111,801.7580247,925.4140755,1110.055739,1401.045377,1279.55041,1487.456477,1596.311287,1795.562095,1828.861316,1806.318884,1602.641823,1495.683294
Finland,FIN,23983.84575,28380.54891,25503.21521,22337.48712,17617.03044,20305.58355,26273.4659,25777.6413,24676.49708,25989.4075,26178.79178,24253.25042,24913.24452,26834.02625,32816.16088,37636.11173,38969.17163,41120.67651,48288.5491,53401.31487,47107.15571,46202.41516,50790.72415,47415.55987,49638.07713,49914.61864,42494.65662,43493.41934
Fiji,FJI,1632.138291,1834.989572,1881.569901,2057.40669,2166.052726,2383.915146,2540.751518,2714.2535,2641.064749,2070.165847,2408.165466,2076.013308,2038.891729,2259.055796,2835.973972,3332.918533,3658.630832,3749.939813,4078.82327,4177.657789,3369.408247,3651.966784,4353.121392,4546.738504,4763.068956,5061.397575,4889.461454,5197.50914
France,FRA,17620.5602,21690.62912,21675.06425,23813.71184,22380.10396,23496.52332,26890.21988,26871.82902,24228.94235,24974.2722,24673.19897,22364.02939,22433.55571,24177.33517,29568.38595,33741.26515,34760.18777,36443.62344,41508.43269,45334.11091,41575.41618,40638.334,43790.7354,40874.71596,42592.95152,43008.65257,36613.37522,36870.21913
Faroe Islands,FRO,,,,,,,,,,23737.41677,23982.88067,22479.57899,24300.3786,26553.74656,30993.07706,34979.0817,35847.45356,40719.57503,47024.2297,49773.16687,46521.50171,47397.90292,50789.0486,48421.80307,53612.825,57543.66906,50581.96849,
"Micronesia, Fed. Sts.",FSM,1436.906824,1528.064694,1682.203261,1756.185104,1908.903727,1909.350632,2065.004277,2019.91527,1906.880058,2029.289159,2046.639645,2170.92021,2240.021462,2257.773665,2296.26086,2252.803138,2355.544465,2397.451838,2441.501551,2516.018683,2693.023278,2861.771348,3000.948119,3150.910602,3047.584425,3057.24559,3018.008675,3143.749107
Gabon,GAB,4517.927977,6251.017385,5523.198654,5566.362537,4244.913331,3958.596186,4565.580499,5111.374331,4663.140106,3827.975793,3883.325188,4116.460693,3976.104887,4102.55271,4892.011618,5685.577736,6826.880545,7141.549167,8352.817101,10094.02746,7603.660223,8754.113376,10716.20258,9774.181017,9679.758914,9692.182125,7448.715685,7078.72954
United Kingdom,GBR,16239.2822,19095.467,19900.72665,20487.17079,18389.01957,19709.2381,23013.45882,24219.62285,26621.48006,28014.8947,28383.66891,27982.35576,27427.5875,29785.98629,34173.97998,39983.98467,41732.64054,44252.31582,50134.3161,46767.59222,38262.18213,39079.84261,41652.55709,42018.72546,42938.42518,46967.66814,44472.1517,40539.91961
Georgia,GEO,,1614.640122,1314.67067,757.2235485,550.0155426,519.8161871,578.3367633,689.0300333,807.0370243,851.5162062,673.5374112,749.9031715,801.9901868,853.5194255,1010.007129,1305.046885,1642.766937,1996.059043,2635.350593,3324.727566,2822.660305,3073.534272,3842.631888,4249.667486,4341.443895,4438.68465,3756.37852,3857.276309
Ghana,GHA,368.9623966,402.5888811,438.6143193,414.7673408,375.3204353,333.4049392,385.7373195,403.5344405,391.35568,414.768461,417.7679907,263.1124679,273.6596668,309.4844703,373.2815537,423.1936389,498.1723904,922.9537497,1090.686718,1224.401554,1086.765038,1312.607557,1574.978653,1629.800222,2401.754122,1987.983363,1783.061087,1950.234377
Gibraltar,GIB,,,,,,,,,,,,,,,,,,,,,,,,,,,,
Guinea,GIN,421.447937,441.4127933,472.9737936,485.9748491,457.7628488,448.4475642,469.2761014,475.7463919,453.801151,421.9982034,399.9739644,340.0516918,315.8398003,322.811171,370.1931781,386.3288283,303.424498,427.0657265,622.1736568,674.6181787,636.2799568,634.9231054,614.8647662,677.0434993,726.0893942,743.5912878,727.302519,701.3886423
"Gambia, The",GMB,322.4463052,345.8558101,727.034661,729.0418881,748.7842096,719.9757073,737.1787914,773.4393371,712.3318781,723.7948296,681.5374179,635.5637584,541.0558913,440.9474786,359.6521781,413.8403583,432.1918787,439.3432874,519.0548058,607.955496,549.3178255,562.4837817,514.3781619,504.9739367,735.2358088,656.496763,704.9740416,707.5289845
Guinea-Bissau,GNB,215.6183147,241.002485,247.9382292,212.9407638,217.6075395,211.5953014,223.3418422,233.3095607,227.6382572,172.0601413,183.8530201,297.7519336,309.486749,321.4813204,360.5718585,393.3138244,424.9562044,418.9512693,481.33501,583.894419,544.8612801,545.7041208,688.1412395,603.9339835,621.9406736,610.4684902,591.8061497,648.8989366
Equatorial Guinea,GNQ,213.1317932,262.6694558,251.7022043,295.9634764,289.088409,206.936408,280.9695313,443.6325956,812.1715228,654.1473102,1052.852818,1702.684901,2283.879039,2711.170114,3577.176197,6085.348907,10850.63334,12732.02759,15761.83913,22742.38159,16530.20937,17136.44568,21451.88617,21557.65187,20246.99308,19245.65151,11213.47523,9218.987324
Greece,GRC,7846.678164,9600.18513,10188.36978,11176.45844,10401.98299,11091.28386,12959.32432,13749.11515,13427.83249,13472.13764,13245.18946,12042.95373,12538.17883,14110.31339,18477.57841,21955.10409,22551.73574,24801.15781,28827.32636,31997.28201,29710.9703,26917.75898,25916.29353,22242.68193,21874.8195,21760.9798,18167.77372,18116.45962
Grenada,GRD,2759.682068,2888.347506,3118.148432,3191.016733,3151.540463,3270.578088,3413.021979,3640.138938,3878.390386,4401.421321,4751.575978,5117.589923,5109.958715,5292.232379,5773.073577,5836.177063,6754.512393,6766.48686,7324.190456,7947.426509,7395.063622,7365.641538,7410.477525,7583.188055,7956.076548,8569.926734,9333.270231,9892.479497
Greenland,GRL,16813.68395,18326.80512,18315.1963,18768.93014,16797.45886,18123.96303,21665.7019,21422.35754,19145.49604,20496.66137,20170.43842,19004.10729,19275.47334,20652.87833,27460.0302,32070.3786,32489.78191,35458.12312,39780.95144,44367.05565,44918.56488,43988.33249,47186.98147,45936.76595,47262.28276,50408.33455,44912.26609,48159.66532
Guatemala,GTM,929.3140585,825.8073881,991.8622727,1075.428217,1147.026435,1276.332727,1408.024203,1472.275343,1633.966225,1742.083824,1608.684086,1655.58773,1568.376308,1701.771492,1753.349471,1872.737083,2077.83438,2256.56724,2489.955836,2794.226157,2635.758874,2825.519029,3187.841465,3299.605536,3452.834671,3687.763767,3923.573344,4140.737635
Guam,GUM,,,,,,,,,,,,,,21536.5039,22572.50466,24396.10624,26495.87758,26555.6452,27540.83913,29056.497,30025.56035,30700.43401,30862.11,32499.23425,33272.01871,34404.5674,35291.13642,35562.56753
Guyana,GUY,509.3163682,533.5362054,468.276563,499.3398796,602.668912,713.2335202,816.5429329,925.8985582,985.046889,946.6703474,919.8665766,946.0599372,946.7002573,965.7492841,988.3050591,1048.110534,1098.455216,1945.640034,2326.851954,2568.618908,2764.306686,3044.948083,3438.825278,3799.753364,3941.114661,4031.531939,4160.265415,4531.243527
High income,HIC,16426.83092,18367.56312,19316.68948,20678.32315,20685.48749,22021.39992,24217.86771,24274.94336,23740.04095,23669.22853,24674.44576,25019.98347,24602.88786,25310.75034,28204.39828,31195.63878,32779.28621,34356.84821,37286.59401,39330.39073,36585.70644,38184.62607,41062.91509,40872.59833,41113.50985,41712.61907,39244.33,39790.65184
"Hong Kong SAR, China",HKG,12097.77516,13485.54489,15465.85886,17976.42938,20395.51737,22502.57974,23497.49231,24818.15455,27330.03335,25808.97095,25091.6666,25756.66378,25230.21633,24665.89,23977.01945,24928.10037,26649.7508,28224.21506,30594.01784,31515.66277,30697.34038,32549.99823,35142.48793,36730.8767,38403.77771,40315.28556,42431.88828,43737.04197
Honduras,HND,1128.415104,993.4780405,911.5123793,942.0455266,912.5591569,836.0515402,936.660928,888.746283,951.6025768,1028.151411,1009.013299,1088.779869,1130.405046,1132.872001,1157.30427,1217.657961,1311.741714,1437.628785,1592.572182,1751.595857,1815.489496,1932.85829,2120.589469,2178.388555,2136.771718,2242.707459,2341.27532,2375.096327
Heavily indebted poor countries (HIPC),HPC,378.7649672,377.6117534,378.2905342,335.1756706,335.6261396,287.8977729,318.4562935,322.8803524,328.8194663,336.3665923,326.9256136,341.8590008,316.6159961,331.0347236,366.4927935,409.6349288,452.9080802,524.5238297,609.4211043,715.7688182,700.061662,752.2069758,817.3779355,853.8872708,928.4521242,954.7772843,920.8826027,906.6670256
Croatia,HRV,,,,,,,4845.761142,5195.854444,5253.033583,5611.515191,5182.591222,4873.053306,5416.653549,6245.319416,8055.788161,9646.289587,10521.03386,11684.81507,13942.19737,16352.53517,14576.42804,13932.07421,14578.2901,13250.75712,13663.51913,13606.89344,11773.26466,12371.00216
Haiti,HTI,393.3475842,436.1136167,479.5461962,305.5542584,249.4120724,282.4220626,359.7676565,365.0110071,411.6073716,450.9192823,494.2336557,462.4814381,413.7377376,393.0160609,329.7820946,387.9428911,465.3103865,505.4706206,615.8202308,674.7564147,668.2976046,662.2795182,740.9358452,766.8437623,810.2656073,830.1138816,814.5463952,734.8025912
Hungary,HUN,,,3349.770406,3734.561856,3873.423532,4172.765232,4494.053034,4525.140121,4595.524506,4750.414875,4802.95876,4633.312923,5283.034459,6665.961242,8423.350987,10296.33979,11205.97134,11447.81687,13907.50338,15739.73541,13029.88338,13092.23376,14118.12263,12888.30459,13668.22605,14197.837,12503.68207,12839.58454
IBRD only,IBD,892.9911548,995.4068066,1055.266729,1036.830903,1095.069654,1180.154958,1306.816703,1410.174756,1473.690084,1414.887356,1356.615764,1456.833793,1461.516243,1468.226317,1635.458424,1924.984075,2277.343553,2672.866035,3288.98719,3908.236979,3755.001275,4515.998141,5283.225056,5561.260456,5820.81899,5954.494992,5566.557563,5545.259531
IDA & IBRD total,IBT,794.235869,879.2436725,925.5545427,904.6086259,944.7074916,1007.439784,1114.471611,1200.016118,1249.417534,1199.975041,1151.997072,1234.38812,1232.950839,1240.420536,1377.655524,1615.373747,1901.845283,2230.740409,2725.322541,3228.956767,3095.196895,3697.4967,4302.760901,4519.526603,4727.785814,4835.491535,4518.878884,4476.54396
IDA total,IDA,389.973877,404.7943142,400.4580854,374.9341975,347.7436378,327.9307631,366.946303,392.8463444,397.5511485,393.6297632,393.9909755,420.4095769,406.7688982,427.9088659,469.827552,538.9225898,612.6338289,732.572772,839.0565509,985.1143662,944.0747332,1060.810205,1183.070067,1247.763811,1340.739352,1414.656567,1358.552018,1293.034796
IDA blend,IDB,497.6985135,523.2399004,516.4541744,496.8705073,430.1228522,431.4019029,486.6090397,525.2032239,525.7276982,505.2720275,514.1690654,550.8083536,540.7493799,584.8294661,641.8387066,768.668758,902.6840901,1140.724826,1288.59617,1499.963936,1369.972073,1559.863381,1758.640866,1891.820852,2009.949426,2127.256266,1968.999911,1782.698199
Indonesia,IDN,529.9316609,585.0010311,631.7004457,681.8428679,827.782351,912.0724734,1026.270493,1137.332724,1063.712266,463.9685753,671.107022,780.0920744,747.9817455,899.5556857,1064.509447,1148.569096,1260.928834,1586.20504,1855.093915,2160.527605,2254.445592,3113.480635,3634.276805,3687.953996,3620.663981,3491.595887,3334.549075,3568.832648
IDA only,IDX,332.442619,341.4933301,338.5512569,309.7267094,304.2478,273.114926,303.6677072,322.9249205,330.0369202,335.1542674,331.0149786,352.1931628,336.9068467,346.4092732,380.7081974,420.6136751,463.879058,524.1761929,609.5158664,722.7050942,729.2336232,807.8821557,891.7189974,920.2194072,1000.687136,1051.962524,1049.545757,1047.768853
Isle of Man,IMN,,,,,,,13054.47525,14526.08821,16663.41728,19366.13321,21784.8796,21551.77936,22669.82706,26362.63794,31223.33323,37459.39619,39838.26676,44499.71831,57458.80376,75490.88424,69172.18604,73935.679,81304.85001,79028.04498,82356.82337,89941.64429,81672.0227,78730.16228
India,IND,347.3574692,368.8848222,304.153894,318.1034474,302.2495179,347.3510035,375.1050651,401.3686651,416.9496155,414.726627,443.5022106,444.7980085,453.0574513,472.5037628,548.4512876,629.7184995,717.0424632,809.1892615,1031.410339,1001.460633,1105.097345,1361.203571,1461.671957,1446.98541,1452.195373,1576.004018,1606.952689,1729.70973
Not classified,INX,,,,,,,,,,,,,,,,,,,,,,,,,,,,
Ireland,IRL,11189.20091,14048.10658,14104.07869,15733.20439,14674.61496,15921.97527,19181.40097,20860.59765,22542.81201,24263.24006,26284.2808,26241.51449,28227.27705,32539.95521,41107.03106,47630.92649,50878.63952,54306.9131,61359.64508,61257.89689,52104.03472,48711.94993,51943.96318,48945.98023,51665.17831,55628.18271,61908.79453,63558.69793
"Iran, Islamic Rep.",IRN,2199.757419,2219.842302,,,1080.561233,1202.868327,1591.716066,1955.146029,1816.586694,1725.756278,1749.827783,1657.169748,1890.991526,1892.036143,2231.342796,2729.838416,3215.653433,3738.689284,4857.368371,5574.410436,5619.117621,6531.92743,7729.343353,7832.902635,6036.192088,5540.984136,4862.299729,5219.109408
Iraq,IRQ,3852.149758,10297.42767,,,,,,,,,,,,,,1391.816923,1849.603911,2351.812429,3129.224922,4521.03247,3735.144836,4502.749048,5854.614497,6651.12242,6925.224046,6703.074737,4914.727611,4584.617431
Iceland,ISL,22101.9925,25008.84946,26405.91589,26722.44119,23230.4718,23662.80668,26239.0273,27261.17166,27842.61347,30847.6437,32148.15015,31746.02314,28551.78527,32024.1856,39086.77319,46984.06654,56250.68281,56121.32242,68428.34821,55632.10432,40640.9902,43024.92384,47516.87574,45910.0209,49522.23697,54242.05468,52428.59576,61757.94931
Israel,ISR,11040.60071,12658.15406,13645.22534,14752.27463,14437.30115,15985.76329,18096.16222,19317.87104,19658.13263,19423.75323,19133.0482,21042.9816,20299.13773,18427.60702,18964.22364,19892.05951,20557.12408,21827.82317,24889.16836,29531.57216,27709.11754,30658.92276,33701.48913,32543.63936,36343.89612,37733.85658,35855.27504,37371.62691
Italy,ITA,16332.60949,20757.08868,21884.10437,23166.80406,18676.95258,19273.84417,20596.38858,23020.09994,21779.62437,22252.35809,21936.82313,20051.24215,20400.81111,22196.50675,27387.22632,31174.56109,31959.26295,33410.74744,37698.78665,40640.18386,36976.84553,35849.3732,38334.68385,34814.12512,35370.27526,35396.66572,30170.5166,30829.52874
Jamaica,JAM,1829.519238,1894.292759,1666.013637,1432.200524,2171.784259,2156.398413,2576.943758,2875.886078,3237.586991,3355.797804,3359.384455,3381.939321,3428.456773,3596.499339,3465.220089,3719.97351,4082.240762,4311.85108,4621.856417,4903.184444,4303.539796,4685.58832,5093.972548,5208.996089,4976.848781,4839.892104,4925.415859,4883.86027
Jordan,JOR,1243.274348,1168.349421,1157.407168,1338.473803,1338.091387,1418.973205,1471.154136,1469.001548,1499.542259,1605.614581,1624.9791,1657.889256,1728.260509,1812.288374,1889.213962,2061.456882,2203.083787,2537.30049,2762.806354,3385.609665,3492.130906,3679.190275,3807.324145,3870.753211,3992.867107,4066.940775,4096.099275,4087.937517
Japan,JPN,24813.29938,25359.34702,28925.04158,31464.54905,35765.91409,39268.56687,43440.36787,38436.92631,35021.71909,31902.7671,36026.55608,38532.04088,33846.46564,32289.35054,34808.39092,37688.72234,37217.64873,35433.98896,35275.22843,39339.29757,40855.17564,44507.67639,48167.99727,48603.47665,40454.44746,38109.41211,34567.74568,38972.34064
Kazakhstan,KAZ,,1647.463231,1512.485066,1515.104059,1433.461534,1320.321622,1288.239052,1350.333866,1445.569414,1468.701798,1130.113592,1229.000958,1490.92709,1658.030785,2068.124118,2874.288291,3771.278957,5291.57565,6771.414797,8513.564645,7165.223175,9070.488253,11634.0019,12386.7,13890.63177,12807.26069,10510.77189,7714.841844
Kenya,KEN,365.9747535,366.3008909,337.1221889,328.8393137,223.3348006,269.2487013,330.8043302,427.9512673,452.9848068,473.4327212,421.4328846,403.9797132,401.7763612,395.8493511,436.6875357,458.8843551,519.7999346,697.0066385,839.1081117,916.8992515,920.0816252,967.3504549,987.4453967,1155.020583,1229.101069,1335.123148,1355.055471,1462.503743
Kyrgyz Republic,KGZ,,609.1728912,575.6439745,513.0359437,449.0657902,372.30781,364.2264974,394.8601215,376.4296133,345.1381316,258.0492288,279.6204249,308.4087767,321.7266063,380.5073398,433.2349766,476.55213,543.1107024,721.7686908,966.3936272,871.2243893,880.0377751,1123.883168,1177.974735,1282.437162,1279.769783,1121.082835,1120.666513
Cambodia,KHM,,,,,254.1791425,270.6091637,323.0099928,319.3632544,304.837993,269.054641,295.9735957,302.6489962,321.2263004,339.0676984,362.4213785,408.6105184,474.2238766,539.8791529,631.675789,745.7877873,738.2326684,785.6928841,882.4901462,951.1112311,1013.665952,1093.762067,1163.18977,1269.907238
Kiribati,KIR,580.2952533,549.7643854,644.7108451,638.4725668,619.6545734,715.1671148,724.7913054,842.9591391,842.281248,801.1629805,832.0547943,796.7937634,734.9492461,826.585504,1015.038605,1130.602806,1214.556667,1169.4774,1377.534684,1432.777431,1316.721614,1520.875339,1736.211995,1784.428931,1705.56891,1626.893872,1522.306195,1558.886953
St. Kitts and Nevis,KNA,4712.555612,5320.539447,5377.307376,5854.19642,6302.983807,6965.701228,7308.83833,7699.400446,8544.457764,8648.084142,9070.967215,9554.381252,10337.98026,10662.91346,10280.81747,11032.71683,11884.77781,13355.56567,14541.88579,15762.70446,15074.21279,14904.94842,15742.95529,15219.1976,15977.28383,17061.30296,17247.17086,17492.80719
"Korea, Rep.",KOR,5736.903807,6516.305759,7523.477002,8001.540992,8740.945603,10205.80747,12332.97935,13137.90807,12131.8747,8085.323528,10409.32689,11947.57913,11252.90755,12782.52553,14209.38852,15907.66583,18639.52221,20888.38015,23060.70788,20430.63946,18291.9196,22086.95292,24079.78852,24358.78218,25890.01867,27811.36638,27105.07623,27608.24743
Kuwait,KWT,11594.13742,8776.741344,5407.969783,,,,16882.42146,19300.86144,17696.13876,14126.8751,15391.34574,18389.38433,16540.96761,17789.41981,22071.56961,26921.08278,35490.26132,42717.55725,45793.97614,55571.99806,37567.30121,38497.61696,48268.5912,51264.07134,48399.80782,42996.31522,29109.06874,27368.28668
Latin America & Caribbean (excluding high income),LAC,2218.18129,2429.444842,2922.563344,2541.559983,2956.596754,3357.223315,3526.217146,3775.707517,4082.038875,4035.900748,3517.311583,3910.124652,3782.225691,3617.256925,3574.302558,4021.200153,4826.020908,5593.115799,6526.30129,7494.625434,6945.770201,8537.477238,9514.015897,9440.558257,9553.442718,9736.740263,7887.48546,7625.333388
Lao PDR,LAO,172.5414268,203.2559698,234.7193694,250.4922292,287.1875929,325.6292418,363.4716183,377.9712559,345.4969431,248.5413984,277.4951028,324.8450496,326.6408434,319.8270584,362.6252958,417.7516561,475.4164695,590.3013108,709.767087,899.4950787,948.1276421,1141.127115,1381.425606,1588.633147,1838.80602,2017.587781,2159.433152,2338.692157
Lebanon,LBN,1015.464997,1050.117851,1704.079872,2070.823861,2737.72637,3226.98782,3863.26192,4457.96016,5093.290745,5538.680283,5509.346429,5334.903329,5253.122599,5436.595223,5425.66907,5473.48102,5390.208134,5434.252482,6086.79541,7109.513163,8480.988762,8858.283972,8734.189185,8959.258471,8807.901335,8660.036928,8529.51366,8571.126248
Liberia,LBR,,,,,,,,,,,,302.9964757,302.8953587,302.6580033,240.0333993,282.3939197,290.9945021,331.473252,390.8416104,471.1993717,463.8559654,506.0630046,589.1650146,650.7136207,715.5370459,716.0529087,706.0594659,710.4360094
Libya,LBY,,6514.321504,7040.701924,7284.747991,6446.933136,5892.462256,5161.683342,5537.183816,5999.026651,5244.88031,6821.312519,7145.628494,6269.580123,3705.442638,4676.967503,5806.083604,8171.361651,9344.987518,11308.56661,14396.04865,10296.97353,12120.56217,5602.549434,13209.14078,10571.85076,6631.529047,4465.490366,4166.630529
St. Lucia,LCA,3188.852299,3733.975444,3900.91887,4230.510898,4254.570713,4386.496413,4630.042205,4728.108716,4769.341572,5114.586499,5307.112728,5310.879944,5036.472357,5034.433876,5485.33605,5878.14285,6203.536293,6855.103763,7634.746111,7576.682338,7384.27025,8008.197165,8272.394547,8216.015524,8367.27622,8596.351698,9155.653328,9188.412753
Latin America & Caribbean,LCN,2304.307114,2648.218781,3198.519545,2969.560618,3355.385959,3768.520623,3951.707229,4206.81683,4539.156842,4509.970604,4008.847368,4358.725766,4205.677391,3723.248504,3754.478509,4271.462404,5098.871873,5900.662516,6865.659356,7881.110612,7316.718692,8964.833879,10075.44979,10062.74462,10194.61279,10278.24089,8742.394298,8442.551096
Least developed countries: UN classification,LDC,306.9821452,312.081566,306.8831464,270.8102229,262.6434753,237.596099,263.949229,282.8662981,291.2554814,290.8185714,286.7945754,316.6762791,294.296247,311.544937,344.6874054,386.0012525,442.4369676,505.9604643,591.8825404,717.8829747,703.304629,786.8696875,887.309724,925.7072876,980.493393,1039.923181,1005.173124,984.0563074
Low income,LIC,314.7026505,334.6842185,336.0264735,296.4429609,284.2019715,227.4776715,251.6812592,277.4666601,280.9229629,284.9377185,282.135368,319.3458627,293.9381628,302.8790787,320.7920781,357.1716431,395.3406216,430.2986596,501.1959345,591.1218039,605.860961,643.0245885,710.1619791,748.670407,801.9480726,837.9750881,803.1267175,758.4738238
Liechtenstein,LIE,39426.9341,49447.46372,50987.77045,55300.46816,55921.13686,64156.70106,78761.7616,79937.21476,72190.79059,76641.0552,81116.43917,74624.55996,74005.01045,79035.53479,89469.75087,99848.61504,104994.0183,113983.1678,130267.2433,142973.8309,125945.0096,141165.0829,158283.0763,149295.646,173528.1505,179308.0756,167590.6083,164993.1942
Sri Lanka,LKA,408.3563136,463.5132257,513.1442934,546.9370483,576.6592749,647.4405404,714.0686775,756.4580666,816.8164858,850.5318591,838.6223944,869.4956921,832.7451402,867.6360437,982.6418822,1066.588484,1250.004791,1437.701974,1632.961131,2041.219053,2095.443968,2808.434392,3214.014195,3350.521876,3610.289363,3819.25353,3844.514008,3857.351319
Lower middle income,LMC,460.6086268,483.3738505,451.4261839,460.8454348,453.4499048,486.8605343,535.573023,575.532433,583.3432478,517.560086,552.3941403,570.559631,568.1011359,602.6524734,680.2734032,768.1680732,877.2359003,1037.558262,1251.731077,1383.625978,1392.870065,1680.636775,1870.071965,1932.20386,1988.370327,2063.064337,2019.852228,2071.074997
Low & middle income,LMY,766.7039664,835.3389328,864.1638944,829.7335793,868.3167276,924.1321701,1023.183537,1101.905727,1147.2385,1094.255233,1053.668408,1138.265817,1139.04142,1180.955323,1309.227562,1530.800391,1800.764779,2116.035434,2587.594822,3062.389892,2955.147498,3535.214827,4115.791036,4338.014814,4543.169872,4658.593664,4345.968567,4312.268834
Lesotho,LSO,314.3388151,371.8442387,430.9096772,498.4844778,491.4205341,506.9977784,568.8163838,529.3669607,551.2410588,506.9946049,493.2493774,474.8197906,437.8190154,407.8093907,603.6362783,781.5145954,862.9463084,915.7757486,865.7993302,879.2982742,878.1654234,1157.341092,1350.643252,1281.611508,1192.998766,1218.466106,1154.355219,1054.268754
Late-demographic dividend,LTE,1043.464743,1098.290697,1193.447107,1102.51802,1131.410083,1275.306967,1541.298679,1682.711454,1744.813019,1664.527682,1524.939397,1662.185649,1705.63528,1794.566265,2032.847547,2428.189327,2912.039715,3492.398484,4373.597417,5403.874423,5191.611297,6191.182895,7503.759615,7979.774666,8551.768029,8807.920491,8201.970274,8155.857206
Lithuania,LTU,,,,,,,2168.796099,2328.153808,2830.737533,3166.895648,3113.546428,3297.354701,3530.147337,4146.987928,5505.535669,6706.966998,7863.162009,9240.642548,12297.91535,14961.56818,11837.39103,11984.86857,14357.73523,14341.18163,15693.78673,16545.12267,14291.90642,14982.53305
Luxembourg,LUX,27556.36359,34645.14324,37007.43875,40965.74432,41479.0872,45481.8922,52831.25237,52571.93499,47042.34711,47584.46439,51654.4028,48735.99549,48179.42085,52930.64115,65445.88503,75716.35108,80289.69641,89739.7117,106018.4928,114293.8433,103198.6693,104965.3061,115761.5077,106749.0136,113625.1329,118823.6484,100428.368,101305.5277
Latvia,LVA,,,,,,,2329.270854,2429.591085,2682.316453,2977.148772,3151.325802,3352.731296,3572.80513,4132.349207,5134.905694,6351.080125,7558.742006,9667.9757,14044.01589,16348.53121,12219.37379,11326.21947,13702.68947,13822.80559,15032.28201,15716.36907,13639.69412,14133.68295
"Macao SAR, China",MAC,8060.218228,9364.909314,10558.21784,13460.88413,15189.98072,16578.06184,18139.19623,18097.40061,17957.94638,16451.33864,15505.27875,15702.85553,15547.87353,16312.63772,17809.59815,22453.19235,25058.53593,29979.85447,36402.56051,40667.88423,40881.38064,52374.79445,66813.34974,76496.36619,89524.84436,94004.38983,75484.28658,74017.18471
St. Martin (French part),MAF,,,,,,,,,,,,,,,,,,,,,,,,,,,,
Morocco,MAR,1068.325714,1202.567531,1263.06008,1295.422632,1195.595322,1322.8704,1428.066182,1556.786387,1393.224149,1469.031945,1444.989055,1332.382358,1336.775376,1413.757176,1721.973863,1948.812275,2013.755559,2191.478567,2494.353552,2884.94776,2861.554005,2834.20472,3039.916016,2904.746728,3111.762887,3160.250851,2863.887099,2885.487531
Monaco,MCO,68576.58472,84286.69635,83732.70114,91654.12054,85421.72749,89404.07511,101993.1216,101328.7952,90882.92282,93093.25956,91383.94049,82534.87362,82552.56679,89061.0513,108978.4889,123382.0158,124374.2685,133195.4293,167124.741,180640.1251,149221.3619,144569.1758,162155.4986,152000.3621,172588.8778,185152.5272,163369.0708,168010.9149
Moldova,MDA,,,,,,,476.988491,462.1697494,528.1804344,465.0539664,321.0262233,354.0037982,407.7348445,458.6778168,548.2896867,720.9409321,831.2052862,950.6482044,1230.434685,1695.972811,1525.526119,1631.535832,1970.571373,2046.536787,2243.990178,2244.755308,1832.495194,1913.237414
Madagascar,MDG,221.682033,265.6761189,222.1537443,245.8643162,265.9345074,227.8369055,234.4940582,287.3565596,247.1294102,252.4652058,243.2527515,245.9390659,278.5557032,262.2859481,316.7998965,245.1235876,274.8197023,292.1507443,377.8482928,470.733254,415.6893226,412.7309341,454.963464,443.9061001,461.7230722,452.4631926,402.0883118,401.7422654
Maldives,MDV,875.0682067,963.5956599,1064.043684,1206.034796,1329.406796,1432.516546,1570.315705,1736.735195,1923.086188,2006.25691,2146.718037,2226.721729,3031.69994,3047.591909,3481.435214,3952.121984,3648.780055,4811.667468,5559.506832,6583.45125,6615.763778,7100.405899,7395.6878,7473.195629,8291.485295,9056.65344,9821.690574,10319.09716
Middle East & North Africa,MEA,1701.343191,2151.39381,2111.822858,2261.021093,2225.344274,2269.479176,2470.225568,2739.131571,2785.21587,2653.901798,2787.095791,3049.345346,3003.195893,2936.07891,3245.968788,3717.059782,4385.487061,5027.334226,5834.177205,7117.492827,6229.031275,7127.0925,8276.500891,8832.864013,8604.303645,8477.612523,7339.77033,7227.706557
Mexico,MEX,2645.235944,3060.685213,3596.386019,4088.309214,5526.860507,5715.409999,3828.717023,4294.978983,5143.96112,5327.811901,5984.341068,6959.388717,7341.882478,7398.80102,6903.949188,7310.961631,8089.409036,8859.715354,9412.827939,9765.717028,7792.24773,9016.457927,9912.582362,9940.468561,10400.56316,10582.41053,9298.242878,8450.49401
Marshall Islands,MHL,1588.990265,1659.182206,1702.052604,1844.201871,1987.31218,2136.846268,2356.757816,2156.728468,2056.200186,2093.444391,2073.367384,2126.91386,2206.697584,2391.485486,2434.714867,2522.076276,2649.670541,2763.739007,2891.928956,2925.977632,2917.001147,3146.763948,3297.558144,3516.899911,3614.130661,3461.781164,3390.910292,3665.207477
Middle income,MIC,808.3094989,881.7232664,913.5516674,879.9646542,923.819437,990.3929031,1097.540317,1182.46071,1232.865348,1175.455194,1132.199539,1222.963096,1227.436504,1274.185876,1415.673412,1659.028227,1956.537896,2305.581867,2825.80558,3349.222746,3233.221429,3880.722066,4527.938359,4778.808966,5009.709861,5142.301621,4801.567339,4775.167889
North Macedonia,MKD,,2354.263462,2477.685524,1225.373149,1352.025726,1794.709897,2359.800338,2338.068311,1964.881911,1866.85009,1908.592601,1854.145956,1815.920091,1961.203736,2408.80011,2762.561701,3037.754585,3325.613242,4036.140237,4793.292959,4543.890244,4542.904104,5064.041106,4698.689476,5211.4992,5469.217898,4840.319679,5128.02282
Mali,MLI,262.5685977,316.8165941,314.8369994,319.191412,309.515078,222.5767979,281.7886811,282.081344,266.668047,281.3221274,322.53868,269.3483829,306.8473237,334.2024016,391.7912801,439.3572924,487.9402556,521.6425796,595.6368319,689.6784228,697.0153124,708.3707632,835.0889098,777.3476868,803.8935757,845.720641,749.9179512,778.6004251
Malta,MLT,6040.609862,7191.923603,7558.277383,8220.245518,7296.310144,8000.518005,9114.358065,9397.800918,9679.882857,10183.67599,10648.9889,11039.05651,11021.78636,11843.93902,13689.98999,15109.05497,15835.34667,16671.5672,19375.5696,21928.70067,20675.58259,21087.79469,22835.37683,21916.97221,23820.36341,25811.878,23715.53414,24758.69562
Myanmar,MMR,,,,,,,,,,,,193.1874804,138.9249275,143.7760051,219.782326,219.8156688,247.2427006,296.9007284,410.4500001,643.9513703,741.0777116,987.7365832,1186.423937,1175.561788,1171.464477,1260.418504,1138.992976,1196.103204
Middle East & North Africa (excluding high income),MNA,,,,,1194.694603,1197.52394,1337.440707,1519.433778,1529.629921,1522.674366,1580.187041,1607.635175,1634.033218,1558.749975,1728.305676,1968.669319,2278.65247,2600.680742,3157.283664,3818.384645,3629.570273,4122.744869,4588.710354,4964.015822,4578.379819,4426.713898,3930.296003,3904.026668
Montenegro,MNE,,,,,,,,,,,,1627.072633,1909.598702,2106.635068,2789.159065,3380.165121,3674.617924,4425.680913,5976.391922,7367.751909,6727.107767,6682.281158,7318.742449,6586.719209,7186.431924,7378.341022,6514.272695,7028.940132
Mongolia,MNG,1670.69287,1172.443066,1072.635835,587.3013993,339.5199868,405.9718115,631.9148653,580.9110949,505.602916,477.3497294,445.0069434,474.2133361,524.0145924,571.501883,646.0561295,797.8377432,998.8226671,1334.651896,1634.081431,2139.625631,1717.898761,2650.353648,3769.595269,4368.082248,4385.379355,4181.583313,3946.962075,3695.164849
Northern Mariana Islands,MNP,,,,,,,,,,,,,,18672.83277,18376.79096,18427.42488,16644.70382,16048.50214,15761.26225,16350.05485,14279.55599,14681.02308,13628.08166,13980.41625,14471.83359,15513.69612,16984.09224,22717.77257
Mozambique,MOZ,177.1997292,189.6245382,240.1242747,162.8269598,163.6143937,161.7048809,160.0176177,216.8754283,253.1096478,284.373291,301.539472,277.6486591,256.4414872,262.8840551,283.8911588,336.3318145,369.1545359,385.7567141,422.1461573,503.1277109,463.8526178,419.2258149,526.5313517,566.051387,605.9856082,623.2867539,528.3130512,380.9073058
Mauritania,MRT,496.7178639,502.2317528,692.3496476,683.833774,568.2107979,581.9098343,608.1869747,601.7734654,567.2228466,539.4253598,534.7159444,477.4761024,464.229758,460.9542322,528.5806613,602.547286,697.7452864,944.1304851,1013.310149,1182.978655,1044.489823,1201.756291,1389.67101,1365.777822,1450.577949,1326.668654,1158.256371,1101.901627
Mauritius,MUS,2084.257805,2506.179312,2669.3277,2973.206977,2973.797821,3197.331024,3599.555202,3899.435192,3646.630626,3593.234081,3651.232286,3861.032414,3792.182152,3957.512906,4623.347642,5229.876738,5116.045424,5695.969327,6574.654338,8030.063005,7318.12641,8000.376432,9197.026972,9291.227619,9637.00265,10153.93822,9260.447303,9681.618567
Malawi,MWI,174.8513588,199.2859332,228.5562584,184.9506087,212.2455193,120.6293244,141.0279061,225.6262847,256.5276762,163.5335012,160.7990288,153.2595087,146.7615397,290.9798977,260.1052517,274.2256294,280.3673842,297.7095969,320.2764955,372.8487804,420.7472051,458.8654301,512.170232,374.5029326,332.9210249,354.3189898,362.6581977,300.3077488
Malaysia,MYS,2215.3645,2440.591801,2652.144224,3111.976879,3431.370186,3726.340667,4328.000018,4797.291371,4637.320481,3263.520983,3493.465229,4045.170471,3915.115046,4167.364387,4463.675893,4955.477743,5593.822995,6222.982955,7269.17114,8513.629541,7326.744435,9071.356987,10405.12062,10779.50751,10882.2891,11183.72943,9655.137377,9515.194318
North America,NAC,22694.96805,23696.37127,24131.30752,25021.26256,25822.08039,26988.83444,27968.72921,29189.84619,30604.98659,31761.24161,33397.98091,35242.0642,35942.43627,36794.85361,38550.0799,40948.23418,43514.08192,45849.04082,47723.72747,48232.31001,46394.38485,48373.41574,50108.13409,51698.80407,53044.04674,54597.49072,55455.67256,56316.42952
Namibia,NAM,1861.503435,1969.1668,2041.733508,2262.460212,2063.148062,2263.4003,2381.645428,2311.963793,2332.383579,2113.442778,2055.364975,2018.680835,1797.920787,1669.43144,2422.305183,3225.339163,3504.284009,3811.311981,4202.510968,4029.065061,4153.497885,5191.583081,5600.971392,5749.404752,5490.041314,5392.712421,4803.283299,4549.421642
New Caledonia,NCL,13092.26473,14800.02869,15133.16224,16261.29693,16640.80235,16037.02524,18721.05644,18257.21505,16341.58735,15387.86958,14611.8328,12579.59511,,,,,,,,,,,,,,,,
Niger,NER,280.5468542,309.5864505,281.3964667,274.2860354,181.6903803,170.8094085,198.4528096,202.4214038,181.2955353,196.7250241,184.3464766,158.4055972,165.2507247,177.8208384,215.8050408,232.5661574,250.0383731,258.0463873,292.55962,353.2384054,339.7702669,348.1560591,375.5828559,391.5182495,416.1401152,429.7909578,362.7521977,364.1605078
Nigeria,NGA,473.9443993,567.1859158,502.6121063,476.8926405,270.0635969,321.1313326,407.9424883,461.2523762,479.7087525,469.1643966,497.5619697,567.6143571,590.0553023,741.340315,794.9529,1007.329469,1267.703677,1655.544524,1882.470204,2241.711763,1890.389128,2291.360013,2519.289941,2745.866752,2996.964303,3221.678116,2729.762778,2175.656276
Nicaragua,NIC,249.8442755,243.5612625,351.3981713,413.9194976,396.797132,854.5499049,897.7158111,916.5187095,917.1288401,951.8733523,981.0204892,1016.020743,1043.600758,1010.147277,1015.565314,1091.505157,1175.116225,1240.992617,1344.301871,1518.805386,1464.497754,1526.497938,1682.957924,1792.038045,1847.198049,1975.464707,2073.497938,2143.925893
Netherlands,NLD,17175.64537,21019.12567,21454.86289,23598.95076,22827.30004,24331.75402,28884.71352,28698.66602,26404.98673,27533.60679,27951.73429,25921.12794,26584.12169,28817.32321,35245.16407,39954.64222,41577.16009,44453.97119,51241.31562,56928.82048,51900.34009,50950.03434,54159.34661,50073.00566,52184.06185,52830.17423,45175.23189,46007.85292
Norway,NOR,24281.09614,28242.94374,28596.933,30523.98506,27963.66522,29315.84191,34875.19739,37321.44339,36628.51742,34788.77856,36371.39579,38146.71539,38549.58934,43061.15038,50111.65445,57570.26916,66775.3944,74114.69715,85170.86217,97007.94189,80067.17664,87770.26684,100711.2248,101668.1707,103059.2482,97199.9191,74521.56993,70941.52527
Nepal,NPL,192.7037175,193.4761241,203.7653978,172.0062101,180.109746,194.8890676,205.6938414,206.4330066,219.684466,212.4689465,215.9805921,231.4255004,248.618098,246.3075621,253.7200412,287.4001056,317.089198,348.6314534,393.8843518,473.8444409,480.7200909,592.1835216,692.1166842,681.7925868,688.6172788,706.2386977,747.1604624,730.9833283
Nauru,NRU,,,,,,,,,,,,,,,,,,,2042.865638,3954.315103,4453.589937,4912.599558,7233.946609,10099.422,10036.18321,9872.638314,8052.888385,7821.298918
New Zealand,NZL,13388.26468,13670.20069,12233.1323,11789.22501,13076.54055,15235.95603,17400.23937,18794.43604,17474.02032,14738.58354,15322.22383,13640.98889,13882.85683,16874.18749,21913.70817,25420.07041,27750.72484,26671.32942,32510.0827,31287.77865,28201.23228,33692.01083,38426.55081,39970.25624,42949.32684,44560.64037,38649.3785,40331.9591
OECD members,OED,15622.44932,17445.32656,18302.67197,19505.9503,19603.72049,20781.34145,22730.57727,22755.24429,22249.33675,22324.02251,23291.06555,23625.05203,23246.07986,24087.79553,26785.85896,29603.54528,31077.42707,32529.87128,35299.65722,37081.93214,34442.01521,35888.60321,38370.69754,38080.27733,38336.22466,38886.05388,36500.18174,36975.13067
Oman,OMN,5382.717069,6448.131243,5988.83521,6278.636662,6029.169254,6013.166677,6261.719017,6830.596669,7039.577431,6254.953411,6967.059664,8601.185906,8476.610511,8629.101774,9069.810206,10129.28886,12376.97936,14408.0505,15805.13226,22075.03536,16784.34616,19281.00081,20986.08496,22134.80137,21227.21235,20469.13865,16410.61297,14902.83148
Other small states,OSS,2661.028972,3112.115742,3135.994983,3357.287521,3141.111099,3230.110005,3646.315376,3784.547858,3873.754449,3728.99187,3938.859619,4371.814063,4269.7974,4519.66802,5503.873135,6700.245821,7967.491585,9167.630201,10928.30704,13050.38847,10892.36776,12360.35162,14908.22617,15235.14459,15505.94514,15602.96821,12631.46069,12206.13266
Pakistan,PAK,384.086429,371.5726219,410.4740209,427.5727635,440.9293265,433.2885836,493.661508,502.7867074,483.6529366,470.2489295,465.0757661,533.8624114,510.6568157,499.8600033,563.594342,649.8048233,711.4699463,873.7702727,950.4327931,1039.312088,1006.603999,1040.142268,1226.215314,1261.208967,1272.441061,1316.980966,1428.637628,1442.28584
Panama,PAN,2446.163181,2603.781289,2803.871581,3122.003689,3339.838168,3489.065313,3494.436934,3529.78532,3741.242759,3974.650657,4082.614583,4060.299035,4046.372833,4126.140671,4267.13578,4591.892776,4916.54886,5348.518399,6165.945057,7154.14428,7575.780644,8080.838225,9354.979419,10715.71661,11879.75653,12787.3062,13627.69475,14366.85289
Peru,PER,1052.913452,1210.005978,1555.980937,1589.441715,1516.466712,1900.224535,2217.784681,2260.637733,2342.06999,2202.461226,1963.410567,1996.719689,1981.243653,2059.192958,2180.250997,2448.143899,2754.780029,3171.498056,3611.21047,4208.878011,4166.093387,5022.493191,5771.565878,6387.785281,6583.116248,6492.053208,6053.112415,6031.366091
Philippines,PHL,704.9820782,715.3105853,715.1419199,814.0752868,815.7221676,939.1559312,1061.347868,1159.589292,1127.003716,966.7084855,1087.237348,1038.911018,957.2807497,1000.068168,1010.553198,1079.037182,1194.697116,1391.772292,1672.685411,1919.466208,1825.34154,2129.499247,2352.518156,2581.818548,2760.289146,2842.938353,2878.33837,2950.913903
Palau,PLW,,,,,,,,,,,,7549.387223,8010.204082,8273.76622,7754.609137,8289.396082,9277.469105,9396.247252,9600.004971,9732.019972,8981.629142,8933.219345,9380.824312,10340.51932,10771.78298,11646.68152,13769.44758,14136.84137
Papua New Guinea,PNG,843.2600915,746.5073779,856.2941361,965.2653963,1069.526884,1153.477372,947.2407107,1026.456096,957.6530529,716.1813522,640.2820458,631.9453351,539.0031987,511.6597331,588.3503924,637.3686654,770.5648783,1283.770364,1440.130304,1719.516327,1672.490908,2004.818112,2474.061846,2865.873252,2800.169029,2973.270549,2605.945969,2353.511589
Poland,POL,,1731.209531,2235.541089,2459.020685,2497.195241,2874.825311,3682.791215,4141.271628,4116.926243,4510.413117,4389.976415,4492.727604,4981.198619,5196.932921,5693.377763,6681.178818,8021.003655,9038.730847,11255.4367,14001.44688,11527.59323,12597.86239,13890.69624,13143.52122,13780.19061,14345.18606,12556.35575,12430.6296
Pre-demographic dividend,PRE,302.9209356,464.3216467,439.7987664,396.2383688,337.6628386,309.8414526,358.1181709,383.4332692,393.2714925,394.4347962,390.0968375,432.5843698,415.2881288,479.9889643,531.3806993,631.246439,765.3382047,943.7693221,1108.997137,1359.087251,1192.652014,1369.146224,1556.208095,1666.736308,1772.864794,1842.740296,1575.345965,1390.382189
Puerto Rico,PRI,8033.089441,8652.507492,9064.018517,9659.3389,10212.27676,10876.41882,11579.185,12173.16369,12817.64496,14304.40499,15220.99134,16192.12697,18123.1987,18731.45939,19557.12025,20988.99233,21959.32271,22935.94115,23664.88235,24898.33459,25768.72589,26435.74879,27278.88305,27944.73389,28513.16574,28981.45733,29764.05389,30518.40675
"Korea, Dem. People’s Rep.",PRK,,,,,,,,,,,,,,,,,,,,,,,,,,,,
Portugal,PRT,6056.977177,7885.394019,8959.867208,10811.63064,9535.594849,9978.301937,11782.52148,12185.06389,11578.44151,12202.69141,12474.81808,11502.39681,11729.14616,12882.28897,15772.7334,18045.5881,18784.9485,19821.44463,22780.05845,24815.60884,23063.97161,22538.65408,23196.18375,20577.40264,21618.73534,22077.53613,19252.63495,19977.39849
Paraguay,PRY,1159.316613,1379.323775,1615.476618,1614.674104,1596.144879,1692.238497,1903.469228,2009.650325,2000.911117,1819.594714,1700.438207,1670.036989,1571.36994,1306.365735,1371.511421,1687.391227,1852.732517,2282.831166,2992.925679,4064.427373,3645.944648,4382.690449,5356.956969,5217.445724,5967.656872,6146.664055,5447.118631,5360.985931
West Bank and Gaza,PSE,,,,,,1201.581542,1326.562857,1317.466751,1389.164971,1465.046057,1499.492177,1476.17185,1335.553195,1156.217473,1257.69857,1337.565724,1455.187875,1441.4617,1575.5634,1855.45702,1963.201519,2338.719877,2664.951385,2787.169738,2992.200995,2960.778004,2865.805109,2949.688085
Pacific island small states,PSS,1345.266463,1429.109211,1494.984742,1617.025726,1681.459478,1907.13745,2025.038356,2139.716719,2106.01298,1777.021146,1920.082584,1753.425847,1697.672221,1767.0861,2048.067706,2339.112703,2540.133826,2639.304016,2859.157159,3041.859455,2643.988227,2898.043659,3403.110136,3587.744312,3669.764949,3777.927219,3641.175631,3777.950768
Post-demographic dividend,PST,17070.70295,19034.62515,19948.81854,21263.20658,21272.8629,22648.27023,24974.60945,24971.69971,24376.3985,24361.37505,25450.69788,25758.15989,25396.19237,26357.85577,29420.55513,32520.59166,34058.14638,35630.86572,38641.24761,40579.78343,38013.24532,39500.1343,42281.84845,42056.9334,42282.79946,42946.90362,40459.37139,41173.35527
French Polynesia,PYF,13572.37772,16036.32668,16173.80608,17334.65411,17733.08887,16647.55161,18505.8033,18034.67151,15943.53269,16530.46203,16299.56415,14530.7772,,,,,,,,,,,,,,,,
Qatar,QAT,14047.05239,15448.66548,14120.29449,15430.65926,14268.49837,14542.54286,15849.31879,17344.95693,21132.8714,18631.78792,21763.45098,29986.29015,28430.63635,29990.65492,34176.98183,41818.35256,51488.49529,60256.55926,67005.61258,82967.37228,61478.23813,70306.22784,85948.07046,88564.82298,88304.87958,86852.71019,65177.22879,59044.24729
Romania,ROU,1817.902101,1680.705623,1260.749045,1102.103785,1158.132516,1323.104325,1660.272768,1643.88046,1589.014061,1864.991387,1610.13437,1668.162731,1839.72945,2124.873613,2774.955806,3552.92452,4676.315183,5828.745662,8424.737535,10400.54366,8474.872003,8209.919456,9104.995622,8535.046876,9555.244217,10026.97358,8977.498544,9567.097782
Russian Federation,RUS,3428.762153,3485.112306,3485.056,3095.659779,2929.462119,2663.394599,2665.780963,2643.930749,2737.573023,1834.862986,1330.760707,1771.59783,2100.358253,2377.536957,2975.132778,4102.372294,5323.473877,6920.194398,9101.256706,11635.27424,8562.813697,10674.9972,14351.21205,15434.57478,16007.08999,14125.90873,9314.544997,8744.964198
Rwanda,RWA,333.2888859,352.4401342,271.0814379,302.7561645,312.9451551,125.4994918,218.2047893,226.0501885,283.8776235,281.7841627,239.3780188,216.1727954,201.0569839,196.5220297,212.6872328,236.8857125,287.0762412,342.3990982,404.8507881,500.6189986,539.1084948,563.4013453,624.1228849,679.8607504,688.8223493,706.5967098,711.7739773,711.1957913
South Asia,SAS,341.2729915,359.3956011,312.6982528,324.967978,315.0734011,350.035385,381.010881,408.5822329,420.3056557,418.0907198,439.60553,448.8394123,452.3114269,466.0965114,534.8973989,609.7733177,687.561564,778.2399018,963.7385165,964.1141931,1047.163907,1263.828366,1373.73465,1370.189137,1387.135899,1499.472711,1546.44764,1652.607405
Saudi Arabia,SAU,6051.332708,7204.728651,7838.784024,7888.209563,7445.115492,7382.132166,7650.739369,8293.220703,8508.518662,7382.1606,7968.548574,9126.954277,8643.494005,8655.311531,9567.458285,11138.80746,13739.82945,15334.66994,16472.16605,20037.83234,16094.2931,19259.58726,23770.74739,25303.09462,24934.38614,24575.40304,20732.86172,19982.08563
Sudan,SDN,605.5297646,478.8012635,427.8063438,257.651551,316.9027309,444.5573291,467.8137011,296.8743719,374.1136199,350.4396796,323.5717952,361.0305843,377.5254454,412.1517561,477.7384078,565.0569459,679.7539949,893.8793645,1115.6952,1291.528826,1226.884381,1476.478087,1666.857757,1892.894352,1955.660799,2176.898029,2513.884661,2415.038162
Senegal,SEN,848.7014617,957.8437769,912.9100957,946.7329547,869.0859174,576.6348227,706.1381926,714.6350359,643.2047245,676.1519926,675.1230202,599.3735869,609.295002,649.4758642,813.7229318,928.0297393,979.6961188,1025.187436,1203.175265,1388.876531,1294.583723,1255.402738,1344.177217,1300.791844,1342.758689,1359.189351,1186.327514,1231.142595
Singapore,SGP,10380.28028,11864.28021,14505.02039,16144.00819,18302.4304,21578.46053,24936.83083,26263.01627,26386.45745,21824.03558,21795.69696,23792.60707,21577.07823,22016.83279,23573.62804,27405.27136,29869.85398,33579.85948,39223.58187,39721.04818,38577.55822,46569.67951,53237.56491,54715.69483,56389.18178,56957.07857,54940.85814,55243.13288
Solomon Islands,SLB,1095.741051,970.0969308,998.7594523,1147.975764,1210.534609,1330.822932,1445.706999,1529.664872,1494.733483,1206.157561,1200.917702,1054.518572,944.81684,784.9562874,744.7657423,818.442619,880.8748508,948.6592511,1046.931125,1205.791067,1158.282672,1290.572374,1728.50516,1928.956751,2004.899972,2036.942056,1965.422037,2056.489933
Sierra Leone,SLE,219.5508736,150.6511518,179.8336359,156.9951224,178.4905888,212.884373,203.6948791,219.9124669,197.4746069,154.4397334,150.8369725,139.3147734,230.0978873,252.8315328,266.5250529,266.2900458,291.6903175,322.313468,358.8274716,406.3759178,388.8746021,399.1543676,445.052005,561.8984239,710.8186998,708.4394757,582.9362031,480.7930211
El Salvador,SLV,843.0897331,916.7567787,986.0485479,1076.489441,1220.363391,1384.934206,1590.048876,1690.136559,1784.592026,1892.581125,1937.139014,2008.466064,2079.683818,2131.90982,2217.837156,2287.173057,2437.899565,2641.780652,2796.387081,2943.698878,2867.98508,2992.545274,3275.508626,3437.599638,3515.947201,3595.790733,3669.878992,3768.837705
San Marino,SMR,,,,,,,,,,,44864.19823,40188.85104,41806.29631,44576.26257,56168.01668,65035.9605,66987.40092,70662.039,83009.16459,90682.58101,76918.15358,68758.36862,65213.61899,56403.99483,57746.16607,54766.51307,46207.89103,47115.63807
Somalia,SOM,,,,,,,,,,,,,,,,,,,,,,,,,493.5141459,485.6020611,478.784799,472.2726933
Serbia,SRB,,,,,,,2196.618467,2749.966439,3178.831484,2416.069077,2441.430389,870.1365252,1634.875061,2149.909404,2832.490652,3331.228766,3528.131008,4129.758741,5458.121718,6701.773913,5821.305397,5411.877404,6423.291783,5659.380204,6353.826383,6200.173221,5237.255334,5426.198279
Sub-Saharan Africa (excluding high income),SSA,662.1508741,655.0228235,647.901234,621.5673324,563.9515752,540.6448441,603.530929,606.7077516,614.1344022,577.0557899,566.97463,588.5952465,546.6559626,580.6015506,708.5850424,860.0647082,993.2094864,1150.053856,1299.420732,1449.941195,1341.957309,1556.509329,1719.343483,1761.560045,1826.267882,1866.642912,1655.90775,1494.637474
South Sudan,SSD,,,,,,,,,,,,,,,,,,,,,,,1653.131588,1041.459694,1336.645256,1309.487381,917.9214739,237.4441185
Sub-Saharan Africa,SSF,662.6702789,655.654597,648.5264683,622.2898271,564.7340798,541.4297125,604.3224059,607.4679463,614.9705092,577.9458054,567.8639511,589.4454799,547.4999706,581.5246647,709.4802743,861.09948,994.3059195,1151.225413,1300.564512,1450.953215,1342.811366,1557.453562,1720.358244,1762.535536,1827.489658,1867.840726,1657.123451,1495.882001
Small states,SST,2599.110426,2965.325051,2971.570091,3112.29731,3020.527683,3129.208707,3496.712564,3668.993081,3872.622085,3810.350938,4021.835946,4388.07828,4337.599497,4568.873103,5366.928929,6358.480742,7458.866792,8506.677715,9993.013641,11801.91312,9872.03327,11119.49132,13187.4884,13509.26909,13742.03921,13857.05752,11570.00712,11174.33536
Sao Tome and Principe,STP,,,,,,,,,,,,,505.7871815,551.2038522,643.9490657,687.5484045,804.1279874,836.7952842,886.6695898,1126.462102,1099.571046,1129.754961,1304.326189,1380.949959,1619.528517,1824.379217,1613.483465,1771.984789
Suriname,SUR,1358.224946,953.1943299,1079.197333,957.0373945,997.0367941,1385.449143,1558.605119,1914.094586,2031.833255,2406.729353,1897.826561,2006.121996,1746.304178,2263.923096,2609.270561,3006.48773,3594.354364,5208.123339,5761.059439,6858.149015,7444.130075,8303.31332,8319.67216,9232.505153,9491.570453,9554.562288,8617.76176,5645.334104
Slovak Republic,SVK,,2395.564582,2680.041026,2908.810832,3089.438276,3755.727737,4799.151051,5177.748864,5138.148679,5533.588845,5636.579532,5402.929754,5708.082659,6524.861878,8696.913242,10654.79371,11669.41975,13139.03218,16057.73314,18650.35912,16512.98197,16600.61359,18187.15744,17274.6423,18191.61279,18629.77966,16182.30372,16544.22781
Slovenia,SVN,,,,,,,10690.66523,10801.42843,10447.93571,11165.27633,11441.99702,10227.73677,10479.29634,11814.09994,14880.47154,17260.90151,18169.18091,19726.1265,23841.31792,27501.81027,24633.79785,23437.47202,24985.24827,22532.43564,23357.9392,24202.43084,20873.16111,21650.21276
Sweden,SWE,25300.39512,30162.31577,31374.11699,32338.50395,24080.89967,25747.24169,29914.33175,32587.2641,29897.79263,30143.62746,30577.08177,29283.00505,26969.24457,29571.70446,36961.42537,42442.22045,43085.35315,46256.4716,53324.37937,55746.84238,46207.0592,52132.91853,59666.07202,57197.19931,60347.68749,59241.60638,50832.55271,51617.54035
Eswatini,SWZ,836.952679,1294.100335,1305.456157,1418.011062,1468.799,1507.042512,1768.314513,1632.530935,1709.868987,1536.930273,1480.338095,1637.450072,1437.634908,1324.996184,2020.993994,2529.633535,2873.862091,2937.360743,3047.488037,2842.43853,3032.517049,3690.239228,3934.273373,3864.760436,3587.000316,3379.896499,3047.946756,2842.257229
Sint Maarten (Dutch part),SXM,,,,,,,,,,,,,,,,,,,,,,,,,,,,
Seychelles,SYC,4407.20094,5302.843727,5314.663128,6128.445569,6559.129994,6555.504407,6748.931109,6583.201018,7280.989621,7715.918147,7747.612159,7578.851053,7663.13708,8331.261997,8524.961236,10176.65871,11092.51074,12014.39987,12154.82994,11122.86207,9706.95606,10804.68447,12189.09516,12006.64168,14765.68233,14700.36313,14745.31375,15077.84844
Syrian Arab Republic,SYR,815.6485164,988.9486722,1013.001286,1005.041364,1009.716411,725.6085921,794.445153,934.5505657,955.7091761,974.2751917,991.1204287,1177.629268,1258.421953,1263.013455,1253.391403,1408.852738,1577.457182,1762.246107,2058.035209,,,,,,,,,
Turks and Caicos Islands,TCA,,,,,,,,,,,,,,,,,,,,,,,,,,,,
Chad,TCD,248.554947,291.8661593,305.2216778,296.3964872,223.2061727,174.2195487,206.5386927,221.9742723,206.1441026,224.8661479,190.8359826,166.0231785,197.3156442,220.8054821,292.5914364,454.6765879,660.2421396,712.1847694,801.683884,929.7702391,804.4559039,896.5697341,989.2363633,973.4702574,986.0103177,1025.998515,781.3310573,698.2108863
East Asia & Pacific (IDA & IBRD countries),TEA,395.9878257,417.6446468,446.450128,493.3606957,534.5008811,634.6708462,773.5646908,877.7585402,898.4194107,814.1429433,886.1468905,965.7621815,1017.941865,1116.676237,1253.316908,1441.730907,1656.848533,1980.2379,2485.911169,3124.285159,3364.529079,4051.867383,4917.929165,5446.809268,5968.185535,6370.64783,6579.686088,6648.457336
Europe & Central Asia (IDA & IBRD countries),TEC,2257.246155,2383.73115,2342.422158,2186.037636,2149.157817,1929.164591,2115.258809,2179.69294,2250.046036,2173.906637,1883.895268,2049.886259,2087.674388,2346.259101,2886.948975,3732.356604,4669.098823,5641.53826,7240.9485,8939.128156,7060.26141,8238.80164,9964.342753,10345.93259,10919.22794,10265.95048,7940.095906,7611.036783
Togo,TGO,367.0137728,430.0114381,412.722312,426.0809921,303.4487827,236.0011558,306.3583371,333.189857,330.5621437,339.2473068,326.6040699,299.4116476,289.7512701,323.467151,391.5667186,407.6072462,401.2789525,402.4630581,443.3757548,537.2261475,531.6683806,526.8410724,579.0130763,564.6971486,613.4402094,632.0313104,563.4753638,586.0522537
Thailand,THA,1294.932165,1508.285774,1715.638125,1926.987525,2208.345294,2490.311547,2845.410314,3042.903989,2467.492895,1845.466238,2032.992147,2007.564826,1893.145377,2096.054617,2358.930629,2659.839108,2893.651356,3368.952576,3972.206475,4378.687406,4212.054902,5075.302176,5491.159981,5859.887644,6168.394881,5953.793928,5846.394608,5979.293546
Tajikistan,TJK,,497.6401257,469.3306256,346.9480225,291.4226261,267.968918,213.638972,178.4744154,155.3562498,219.226346,177.6983688,138.4319081,170.8085033,189.3945515,236.49018,309.2801984,337.360397,404.2894059,520.0371866,706.0875846,666.3458569,738.3475227,834.5412953,954.7205253,1040.137412,1104.459019,918.8119145,795.9607475
Turkmenistan,TKM,838.5665772,865.7896521,846.6461572,820.6842727,791.0862896,606.6690572,588.0960878,554.8330098,562.637312,590.3934846,548.6995162,643.1750108,774.4833398,967.8907946,1283.911815,1453.917166,1704.419323,2136.476099,2600.371428,3904.467675,4036.459223,4439.203,5649.978486,6675.262954,7304.420525,7962.365824,6432.68417,6389.354326
Latin America & the Caribbean (IDA & IBRD countries),TLA,2233.496817,2579.515052,3155.189764,2919.802606,3312.652165,3719.341311,3898.105575,4167.083763,4497.495559,4454.238393,3925.363963,4273.252557,4100.148359,3596.746124,3619.706532,4136.909398,4971.019355,5769.841745,6745.349735,7778.724061,7195.567392,8880.204872,10008.32737,9985.93354,10114.33737,10194.20621,8602.549078,8287.516175
Timor-Leste,TLS,,,,,,,,,,,,504.3557475,580.0358755,552.8103266,565.5397501,1081.972674,1767.0027,2534.66219,2705.232903,4073.23928,2929.980284,3603.940551,5021.462224,5766.969812,4770.315933,3335.548567,2501.577386,1987.118804
Middle East & North Africa (IDA & IBRD countries),TMN,,,,,1194.264528,1197.358485,1337.394686,1521.397166,1530.942037,1523.071813,1580.829528,1608.842159,1637.130789,1563.068,1733.405457,1975.622193,2287.78591,2613.614846,3175.051535,3840.68192,3648.612343,4143.288742,4611.075979,4989.655386,4597.043856,4444.104498,3942.887352,3915.34289
Tonga,TON,1120.256771,1193.486507,1386.730109,1435.309233,1447.972527,2022.016874,2108.19574,2278.570599,2193.384592,1942.523265,2015.41817,2063.207236,1837.977391,1842.404421,2029.714718,2284.307858,2594.74999,2892.522663,2932.315883,3392.887992,3070.987247,3548.068399,4044.979721,4500.750362,4278.884567,4196.470593,4093.849585,3744.492261
South Asia (IDA & IBRD),TSA,341.2729915,359.3956011,312.6982528,324.967978,315.0734011,350.035385,381.010881,408.5822329,420.3056557,418.0907198,439.60553,448.8394123,452.3114269,466.0965114,534.8973989,609.7733177,687.561564,778.2399018,963.7385165,964.1141931,1047.163907,1263.828366,1373.73465,1370.189137,1387.135899,1499.472711,1546.44764,1652.607405
Sub-Saharan Africa (IDA & IBRD countries),TSS,662.6702789,655.654597,648.5264683,622.2898271,564.7340798,541.4297125,604.3224059,607.4679463,614.9705092,577.9458054,567.8639511,589.4454799,547.4999706,581.5246647,709.4802743,861.09948,994.3059195,1151.225413,1300.564512,1450.953215,1342.811366,1557.453562,1720.358244,1762.535536,1827.489658,1867.840726,1657.123451,1495.882001
Trinidad and Tobago,TTO,3562.107229,4147.638923,4315.696945,4395.644513,3752.380464,3956.758089,4246.382404,4577.004528,4551.321854,4786.92537,5383.552427,6430.947262,6935.721451,7049.626612,8804.518666,10290.51914,12323.12705,14096.18668,16529.65801,21189.12927,14506.58604,16683.42242,19004.15714,19083.21481,19713.37929,20081.52191,17941.23794,16334.21714
Tunisia,TUN,1254.770903,1492.878809,1553.251774,1801.334534,1662.963364,1745.357659,1978.376789,2116.167296,2210.786913,2295.237988,2389.036036,2213.914088,2254.933126,2346.05937,2761.969249,3112.835029,3194.562243,3371.71231,3778.184171,4310.093026,4129.977335,4140.15177,4256.91279,4137.54814,4199.084678,4274.292832,3827.729834,3666.357154
Turkey,TUR,2021.861437,2794.353551,2735.710807,2842.373598,3180.192011,2270.340362,2897.870208,3053.950828,3144.389453,4496.509486,4108.114652,4316.561103,3119.606218,3660.07113,4718.455282,6040.879696,7384.259107,8034.611206,9709.721346,10850.87194,9036.268076,10672.40036,11340.82227,11720.31301,12542.72093,12127.46146,10984.80288,10862.72643
Tuvalu,TUV,,980.1674709,1034.482041,1069.595946,1051.85266,1184.638255,1194.576939,1332.63248,1369.074641,1370.904026,1464.648593,1458.817097,1387.357543,1603.631992,1866.599625,2176.564747,2178.02921,2259.333279,2638.911845,2929.42164,2595.639908,3021.889528,3642.437689,3512.516068,3466.967564,3418.645719,3232.07334,3295.720635
Tanzania,TZA,184.3396842,172.0447984,193.7400952,173.8913828,155.5982751,159.6357424,180.4650233,216.9327932,249.931287,389.1031232,392.938073,402.7897805,398.0742294,403.1748926,421.8610696,448.810772,480.6285805,472.5187986,536.4575519,664.8926655,670.4615965,715.149284,750.2661326,831.9648282,929.1306273,985.2280595,905.7562921,922.623927
Uganda,UGA,313.2169534,246.8273307,184.126852,153.1911684,167.0748918,200.4472479,280.0845471,285.0934669,286.7169623,291.9864072,257.7477999,257.6303609,234.9840775,240.2423229,237.9995917,288.0236949,315.7880227,336.4593923,401.8508631,449.6928183,554.404991,595.2061732,574.9195768,636.6382045,655.0495315,702.795104,675.1211397,581.7027729
Ukraine,UKR,1597.534644,1569.739433,1489.689635,1417.868805,1258.136333,1012.105192,935.9680914,872.7091855,991.2301007,835.2602988,635.7662418,635.7089635,779.9771307,878.6182021,1047.502769,1366.017225,1826.932206,2300.77148,3065.611623,3887.241412,2542.997136,2965.142365,3569.757027,3855.42128,4029.715504,3104.658296,2124.662666,2187.731997
Upper middle income,UMC,1130.868545,1252.680404,1347.934673,1276.610451,1373.154543,1475.199175,1642.772764,1775.823008,1872.606465,1828.25132,1712.15792,1880.911863,1898.235862,1963.495285,2177.287378,2590.065947,3094.332635,3653.805343,4513.761007,5474.530946,5238.930045,6297.686024,7470.462587,7953.338288,8403.069118,8624.580717,7966.504309,7870.599026
Uruguay,URY,2731.95053,2989.991172,3577.839165,4082.025919,4720.382272,5458.086452,5984.13519,6316.29371,7327.957729,7711.07657,7247.398162,6871.897677,6281.377047,4088.768855,3622.052284,4117.308853,5220.951116,5877.876078,7009.69705,9062.312171,9415.170382,11938.212,14166.49909,15092.06819,16881.20568,16737.89827,15524.84247,15298.35089
United States,USA,22922.43709,23954.47935,24405.16481,25492.95165,26464.85251,27776.63553,28782.17502,30068.23092,31572.69023,32949.19776,34620.9289,36449.85512,37273.6181,38166.03784,39677.19835,41921.80976,44307.92058,46437.06712,48061.53766,48401.42734,47001.55535,48466.82102,49883.11686,51603.49615,53106.9155,55032.95946,56803.47061,57904.20433
Uzbekistan,UZB,,651.4192061,652.8074753,603.3520153,596.9835856,576.4471105,585.9323642,600.5981578,623.0026524,623.2161328,702.4807441,558.2268024,456.7062895,383.343068,396.377979,465.1198869,546.7768502,654.2838373,830.4076942,1082.286025,1213.265328,1377.08214,1564.966945,1740.468298,1907.551233,2050.448414,2137.576852,2117.74443
St. Vincent and the Grenadines,VCT,2005.388314,2235.851938,2363.604259,2573.577689,2648.74195,2676.788664,2922.702886,3067.219095,3219.973334,3461.943365,3621.794106,3672.555287,3982.287813,4270.924902,4446.758618,4808.215911,5064.451065,5609.648939,6276.617048,6370.437886,6177.610514,6231.770232,6183.676822,6338.117781,6597.228304,6654.484003,6901.996541,7029.743842
"Venezuela, RB",VEN,2244.970385,2446.80411,2630.17726,2904.061755,2824.801751,2688.839188,3488.615438,3114.476532,3714.533682,3874.981721,4077.496123,4783.530592,4926.311339,3655.97562,3232.524276,4271.372404,5432.688675,6735.797588,8318.803399,11227.23138,11536.14939,13545.26345,10741.57638,12755.00008,12237.19374,15692.41288,,
British Virgin Islands,VGB,,,,,,,,,,,,,,,,,,,,,,,,,,,,
Virgin Islands (U.S.),VIR,13300.54168,15050.54714,15945.49982,16752.11896,18728.06771,,,,,,,,,30126.25564,31823.12499,35024.47749,40929.79512,41560.9342,44333.06566,39207.00375,38771.27439,40043.19017,39144.16577,37849.72872,34819.14775,33573.09703,34899.26655,
Vietnam,VNM,94.27126859,94.88019767,137.9825615,138.7168296,181.6548516,220.3099827,275.750619,322.8570476,346.5790136,346.827244,361.2944022,388.2705386,402.8251339,427.8380264,477.9894967,543.8658871,683.5968039,779.9748933,901.3248932,1143.268575,1210.69111,1310.370273,1515.479925,1722.683931,1871.325491,2012.04629,2065.169099,2170.648054
Vanuatu,VUT,1011.432843,1080.222889,1252.636231,1263.455261,1176.870452,1335.259799,1390.329687,1427.10248,1462.238195,1472.957091,1477.841822,1469.849149,1362.601731,1353.934819,1580.502724,1787.947023,1886.433359,2047.097823,2393.367265,2697.961375,2643.441423,2965.802434,3275.091684,3158.58688,3167.343056,3148.365103,2788.770919,2913.967232
World,WLD,3868.55506,4275.878159,4456.140582,4659.95858,4663.212333,4933.86999,5403.773899,5445.842195,5350.970676,5264.763964,5387.669445,5490.161271,5388.104875,5524.906426,6122.928436,6810.931947,7285.441777,7796.60622,8674.32421,9398.100943,8801.745826,9525.491732,10459.02924,10573.05428,10747.40572,10908.98483,10199.10345,10229.45284
Samoa,WSM,758.5810301,772.2070276,765.4818829,799.0761694,796.1562446,1309.916028,1321.519135,1459.041298,1657.833377,1557.867761,1489.647875,1540.689023,1555.474051,1631.417027,1907.209417,2351.033814,2571.286691,2807.954274,3022.561555,3509.761499,3035.068269,3453.434298,3942.051645,4234.640751,4219.024862,4187.230599,4150.00378,4031.46704
Kosovo,XKX,,,,,,,,,,,,1087.762401,1490.361033,1413.532587,1638.104739,2086.537325,2147.464271,2237.126598,2685.986222,3254.820269,3209.694109,3283.510304,3736.363217,3600.673475,3876.958302,4054.721339,3574.543333,3697.121677
"Yemen, Rep.",YEM,,468.3670036,468.3739664,485.0556996,382.9763204,283.6347307,277.9769717,364.1212046,416.7576668,374.3526907,439.6972858,540.0047374,536.2418544,565.2797139,605.1749372,693.0481356,813.6036612,900.8269161,995.3533206,1203.720733,1093.812918,1309.23196,1349.42025,1421.171575,1580.181601,1647.033657,1693.907815,1320.924127
South Africa,ZAF,3508.42616,3076.455387,3224.514803,3418.304428,3332.735052,3390.494331,3693.681705,3440.864223,3495.111222,3104.97641,3032.305397,2982.000426,2621.554437,2461.355087,3678.102817,4745.071685,5277.925459,5502.699989,6001.852563,5688.508806,5805.998362,7276.376756,7967.678159,7478.136578,6819.062302,6429.02395,5742.9878,5279.730472
Zambia,ZMB,511.7399456,409.2579854,410.0718753,376.4574375,377.5723176,411.0389997,416.6613811,382.9151113,445.1711797,355.5380307,332.461627,341.9055625,378.2736238,377.1305244,429.1583434,530.2772217,691.3178164,1030.154199,1104.587985,1369.068249,1139.110233,1463.213573,1644.619672,1734.930612,1850.793359,1738.088202,1313.889646,1262.989682
Zimbabwe,ZWE,836.787602,862.5865882,827.4869403,631.990604,601.8668765,619.8351382,628.1849247,742.5726729,728.4008356,538.2848555,568.4439527,547.3588785,548.0587312,507.3480034,453.3511552,454.3606654,444.7605075,414.796232,396.9982166,325.6785703,699.8822643,854.8476653,980.2088242,1163.418689,1268.126633,1264.983826,1265.294413,1272.33545
avg,,5404.258633,5931.109021,6069.541426,6387.657489,6135.149696,6396.496248,7174.411062,7401.964028,7277.442204,7493.018263,7828.555584,7655.880467,7545.495023,8123.837268,9340.376921,10591.50534,11604.41023,12651.05274,14178.1083,15367.57495,13692.57074,14420.74376,15830.73146,15744.50931,16278.33106,16261.64554,14591.98019,14384.22659
